district,unit,latitude,longitude,total_crimes
Bengaluru City,K.R. Puram PS,13.02536,77.68261,3393
Bengaluru Dist,Madanayakanahally PS,13.04323,77.45103,3049
Bengaluru City,Byatarayanapura  PS,12.92597,77.5306,2994
Bengaluru City,Chandra Layout PS,12.90415,77.49762,2990
Bengaluru City,Nandini Layout PS,13.01697,77.53156,2984
Bengaluru Dist,Nelamangala Traffic PS,13.11724,77.36816,2399
Bengaluru City,Basaveshwara Nagar PS,12.95577,77.53943,2306
Bengaluru Dist,Hebbagodi PS,12.79795,77.6777,2263
Bengaluru City,Peenya PS,13.03518,77.50318,2259
Bengaluru Dist,Attibele PS,12.76937,77.7502,2182
Bengaluru City,Devarajeevanahalli PS,13.01859,77.60915,2147
Bengaluru City,Varthur PS,12.90097,77.70683,2063
Bengaluru City,Yeshwanthapura Traffic PS,13.03377,77.53249,2062
Bengaluru City,Peenya Traffic PS,13.03739,77.50876,2041
Bengaluru City,Kengeri PS,12.86925,77.48037,1956
Bengaluru Dist,Suryanagar PS,12.79813,77.70372,1910
Bengaluru Dist,Hosakote PS,13.07624,77.7921,1904
Belagavi Dist,Athani PS,16.72842,75.04878,1841
Bengaluru City,Jayanagar PS,12.86086,77.50133,1757
Bengaluru City,City Market PS,12.96354,77.57523,1726
Bengaluru City,Sanjay Nagar PS,13.03991,77.55935,1691
Bengaluru Dist,Avalahally PS,13.05107,77.7257,1690
Belagavi Dist,Soundatti PS,15.7851,75.12907,1621
Bengaluru City,Mico Layout PS,12.89374,77.60139,1617
Bengaluru City,R.T.Nagar Traffic PS,13.03605,77.61564,1617
Bengaluru City,Adugodi PS,12.94312,77.60492,1590
Bengaluru Dist,Doddaballapura Rural PS,13.31396,77.54834,1583
Tumakuru,Kunigal PS,13.01754,77.03192,1573
Bengaluru City,Kalasipalya PS,12.94861,77.56395,1556
Bengaluru City,Rajagopal Nagar PS,13.01162,77.46132,1527
Bengaluru City,Kempapura Agrahara PS,12.95801,77.55855,1509
Bengaluru Dist,Sarjapura PS,12.87066,77.77181,1486
Bengaluru City,Konanakunte PS,12.85782,77.56638,1475
Bengaluru City,Hulimavu PS,12.65067,77.4608,1459
Bengaluru City,Devanahalli Traffic PS,13.22506,77.67345,1408
Bengaluru City,Kamakshipalya PS,12.98338,77.51306,1394
Bengaluru City,R.T. Nagar PS,13.02834,77.58043,1392
Bengaluru City,Basavanagudi PS,12.92302,77.59047,1358
Tumakuru,Tumakuru Rural PS,13.34535,77.08088,1354
Bengaluru City,Girinagar PS,12.89374,77.52951,1340
Kalaburagi City,Kalaburagi Traffic II PS,17.34419,76.84646,1334
Bengaluru City,High Grounds PS,12.8071,77.47588,1332
Bengaluru City,Electronic City Traffic PS,12.7891,77.57736,1330
Bengaluru Dist,Anekal PS,12.71496,77.69311,1327
Davanagere,Channagiri PS,14.02888,75.92989,1325
Bengaluru City,Ashoknagar PS,12.94788,77.60465,1324
Belagavi Dist,Murgod PS,15.88599,74.97212,1319
Belagavi Dist,Bailahongal PS,15.78695,74.81956,1314
Kalaburagi City,Sub Urban PS,17.37275,76.81973,1310
Bengaluru City,H.A.L. PS,12.93492,77.66963,1304
Tumakuru,Kyathasandra PS,13.30524,77.1711,1284
Tumakuru,Sira PS,13.73054,76.90432,1284
Tumakuru,Gubbi PS,13.30636,76.88049,1279
Bengaluru City,Viveknagar PS,12.94739,77.62227,1264
Bengaluru City,Sampigehalli PS,13.07219,77.62645,1263
Vijayapur,Vijayapura Rural PS,16.85446,75.76291,1260
Bengaluru City,Vidyaranyapura PS,13.07115,77.51725,1259
Bengaluru City,Bellanduru PS,12.91229,77.67599,1258
Bengaluru Dist,Nelamangala Rural PS,13.11625,77.35585,1258
Chikkamagaluru,Ajjampura PS,13.75335,76.02218,1258
Vijayapur,Sindagi PS,16.92487,76.26124,1237
Gadag,Gadag Rural PS,15.40048,75.62003,1212
Belagavi Dist,Raibag PS,16.45104,74.79192,1199
Bengaluru City,Annapoorneshwari Nagar PS,12.94545,77.50657,1187
Bengaluru Dist,Jigani PS,12.77994,77.63687,1183
Tumakuru,Tumakuru Traffic PS,13.33544,77.11008,1180
Bengaluru City,Soladevanahalli PS,13.10364,77.5098,1168
Tumakuru,Turuvekere PS,13.12537,76.69508,1163
Bengaluru City,Halasur PS,12.96994,77.62563,1158
Belagavi Dist,Ghataprabha PS,16.2463,74.81352,1157
Mysuru Dist,K.R. Nagar PS,12.45158,76.35535,1138
Mangaluru City,Traffic South Police Station,12.78084,74.82582,1136
Bagalkot,Mudhol PS,16.33733,75.28325,1119
Chamarajanagar,Kollegala Rural  PS,12.18292,77.1487,1116
Bengaluru City,Jeevan Bheemanagar PS,12.96261,77.64887,1100
Koppal,Koppal Rural PS,15.39324,76.21695,1088
Mangaluru City,Traffic North Police Station,12.9576,74.79402,1087
Bengaluru City,Rajajinagar Traffic PS,12.95136,77.40095,1081
Bengaluru City,Vyalikaval PS,12.99938,77.56856,1072
Bengaluru Dist,Rajanukunte PS,13.17042,77.54651,1057
Bengaluru Dist,Bannerghatta PS,12.81451,77.58318,1056
Belagavi Dist,Yamakanmardi PS,16.1227,74.56529,1051
Bengaluru City,Whitefield PS,12.95678,77.73215,1045
Chickballapura,Shidlagatta Rural PS,13.34044,77.87409,1043
Belagavi Dist,Sankeshwar PS,16.25928,74.45458,1036
Belagavi Dist,Chikkodi PS,16.38629,74.62845,1034
Bengaluru City,South CEN Crime PS,12.82717,77.53297,1025
Tumakuru,Koratagere PS,13.52014,77.2344,1025
Bengaluru Dist,Nandagudi PS,13.1677,77.90752,1024
Bengaluru City,Halasurgate PS,12.96746,77.58296,1022
Dharwad,Dharwad Rural PS,15.4691,75.0049,1020
Koppal,Kushtagi PS,15.77725,76.1732,1019
Belagavi Dist,Khanapur PS,15.64031,74.47762,1018
Bengaluru City,Rajajinagar PS,12.98138,77.55427,1011
Dharwad,Hubli Rural PS,15.32552,75.18216,1002
Chickballapura,Bagepalli PS,13.7875,77.8131,1001
Hubballi Dharwad City,Dharwad Sub-Urban PS,15.46277,74.99465,1000
Vijayapur,Indi Rural PS,17.16096,76.00916,983
Udupi,Byndoor PS,13.83117,74.6323,977
Chikkamagaluru,Chickmagalur Town PS,13.31582,75.7681,976
Koppal,Munirabad PS,15.33394,76.30737,976
Dharwad,Kalaghatagi PS,15.19725,74.96818,973
Bengaluru City,Vishveshwarapuram PS,12.93545,77.57256,971
Bengaluru City,Subramanyapura PS,12.86761,77.51078,970
Chikkamagaluru,Chickmagalur Rural  PS,13.31375,75.80174,969
Bengaluru Dist,Nelamangala Town PS,13.09538,77.3981,968
Vijayapur,Basavan Bagewadi PS,16.54458,75.98415,967
Udupi,Manipal PS,13.34272,74.77935,966
Hubballi Dharwad City,CEN Crime PS Hubballi Dharwad City,15.38361,75.09106,963
Bengaluru Dist,Dobbespet PS,13.22259,77.23847,960
Koppal,Gangavathi Rural PS,15.44112,76.50997,960
Davanagere,Davanagere Rural PS,14.45462,75.98137,959
Mysuru City,V V Puram Traffic PS,12.32922,76.61005,954
Bengaluru City,Suddaguntepalya PS,12.90731,77.58873,937
Bengaluru City,Jnanabharathi PS,12.89644,77.46831,934
Tumakuru,Hebbur PS,13.20167,77.06907,933
Uttara Kannada,Honnavara PS,14.30137,74.47885,932
Udupi,Kota PS,13.52029,74.73253,931
Belagavi City,Kakati PS,15.94623,74.49219,926
Mysuru City,Krishnaraja Traffic PS,12.28677,76.63355,923
Tumakuru,Tiptur Town PS,13.26127,76.47194,910
Bengaluru City,Mahadevapura PS,12.97793,77.68383,908
Hassan,Arakalagud PS,12.73273,76.11686,894
Tumakuru,Huliyurdurga PS,12.81076,77.0338,894
Mangaluru City,Moodabidre PS,13.07809,74.9631,891
Uttara Kannada,Ankola PS,14.63765,74.34527,888
Bengaluru City,Jalahalli PS,13.04687,77.54693,887
Belagavi Dist,Harugeri PS,16.47999,74.93383,883
Bengaluru City,Jagajeevanram Nagar PS,12.68123,77.38979,880
Gadag,Nargund PS,15.74882,75.4133,878
Koppal,Karatagi PS,15.56317,76.64147,877
Bengaluru City,Rajarajeshwari Nagar PS,12.77611,77.47927,875
Bengaluru Dist,Vijayapura PS,13.30213,77.76858,873
Bengaluru City,V V Puram Traffic PS,12.72065,77.42006,865
K.G.F,Bangarpet  PS,12.99237,78.18014,864
Bengaluru City,Subramanyanagar PS,12.99685,77.54944,861
Bengaluru City,Sadashivanagar Traffic PS,13.0083,77.53627,855
Belagavi Dist,Gokak Rural PS,16.10773,74.81534,850
Belagavi Dist,Kagwad PS,16.68136,74.81776,850
Vijayapur,Gandhi Chowk PS,16.82821,75.70562,850
Tumakuru,Pavagada PS,14.07545,77.28017,848
Bengaluru City,Channammanakere Achu Kattu PS,12.87383,77.55784,845
Gadag,Mundargi PS,15.20012,75.81633,841
Chikkamagaluru,Kadur PS,13.48285,76.02751,839
Raichur,Devadurga PS,16.37121,76.86253,834
Tumakuru,Huliyar PS,13.58624,76.549,831
Bengaluru City,Kadugodi PS,12.99634,77.74346,830
Belagavi City,Belagavi Rural PS,15.79758,74.46689,828
Belagavi Dist,Kittur PS,15.63185,74.76737,821
Belagavi Dist,Ramadurga PS,15.94459,75.34065,821
Bengaluru City,Govindaraja Nagar PS,12.97241,77.52843,820
Udupi,Brahmavar PS,13.43188,74.76734,817
Vijayapur,Vijayapura Traffic PS,16.79595,75.68293,814
Tumakuru,Kallambella PS,13.62224,76.94619,813
Chikkamagaluru,Tarikere Town PS,13.72023,75.8108,810
Uttara Kannada,Haliyal PS,15.31172,74.78106,810
Belagavi City,Market PS,15.85785,74.5186,809
Kalaburagi City,Ragavendranagar PS,17.34286,76.78229,808
Belagavi Dist,Katkol PS,15.99207,75.19595,806
Bengaluru City,Hebbal PS,13.03848,77.59857,804
Bengaluru Dist,Doddaballapura Town PS,13.29501,77.54038,800
Uttara Kannada,Mundgod PS,14.92291,75.02682,793
Bengaluru City,Vijayanagar PS,12.90942,77.50706,787
Bengaluru City,Electronic City PS,12.78235,77.60599,786
Vijayapur,Muddebihal PS,16.31499,76.15047,786
Belagavi Dist,Hukkeri PS,16.24927,74.63318,783
Bengaluru Dist,Doddabelavangala PS,13.28008,77.41914,780
Raichur,Lingasugur PS,16.16501,76.49222,774
Kalaburagi City,University PS,17.31229,76.86938,770
Bengaluru City,Parappana Agrahara PS,12.85356,77.65117,766
Hubballi Dharwad City,Old Hubballi PS,15.33368,75.11987,763
Shivamogga,Tunga Nagar PS,13.853,75.54113,763
Tumakuru,Kora PS,13.46754,77.0767,763
Uttara Kannada,Kumta PS,14.44244,74.43034,763
Bengaluru City,Marathahalli PS,12.87164,77.63531,760
Bengaluru City,Banaswadi PS,13.11979,77.56147,756
Bengaluru City,Magadi Road Traffic PS,12.95574,77.54934,754
Dakshina Kannada,Puttur Traffic PS,12.79923,75.22243,753
Chikkamagaluru,Mudigere PS,13.13482,75.64421,746
Bengaluru City,Hennur PS,13.09972,77.64063,744
Bengaluru Dist,Vishwanathapura PS,13.24947,77.60503,743
Kalaburagi City,Kalaburagi Traffic I PS,17.27461,76.80804,743
Gadag,Gajendragad PS,15.7451,75.93812,742
Hubballi Dharwad City,Vidyagiri PS,15.43329,75.01823,741
Bengaluru City,Jalahalli Traffic PS,13.07056,77.50772,739
Uttara Kannada,Siddapura PS,14.36391,74.83991,736
Bengaluru City,Yelahanka New Town PS,13.10692,77.56417,731
Haveri,Halageri PS,14.53293,75.6177,731
Belagavi Dist,Mudalgi PS,16.3266,74.95704,726
Gadag,Ron PS,15.72717,75.6788,726
Vijayapur,Devara Hipparagi PS,16.81454,76.09737,724
Shivamogga,Doddapete PS,13.9159,75.56416,723
Bengaluru City,Sadashivanagar PS,13.0195,77.55932,721
Mysuru City,Siddarthanagar Traffic PS,12.30788,76.68765,719
Bengaluru Dist,Thirumalashettahalli PS,12.99535,77.80163,717
Dharwad,Garag PS,15.54979,74.90907,716
Chickballapura,Gudibande PS,13.65237,77.75231,714
Bengaluru City,Upparpet Traffic PS,12.93664,77.57274,712
Haveri,Savanoor PS,14.94202,75.3608,710
Kolar,Malur PS,12.96046,77.85378,710
Bengaluru City,Hanumanthanagar PS,12.93894,77.55436,709
Bengaluru City,Malleshwaram PS,12.88257,77.47063,707
Mangaluru City,Mangalore South PS,12.84446,74.82433,707
Bengaluru City,K.R.Puram Traffic PS,13.01017,77.67901,706
Belagavi Dist,Aigali PS,16.76751,75.24668,705
Mangaluru City,Mangalore East Traffic PS,12.87312,74.852,702
Bengaluru City,Bagalur PS,13.13092,77.65526,700
Davanagere,Honnali PS,14.237,75.68623,695
Belagavi Dist,Sadalaga PS,16.52845,74.47883,694
Belagavi Dist,Nandagad PS,15.57079,74.64131,690
Bengaluru City,Chamarajpet PS,12.94172,77.55127,688
Hubballi Dharwad City,Vidyanagar PS,15.36565,75.12335,688
Udupi,Kapu PS,13.25776,74.74687,688
Kalaburagi City,Brahmapur PS,17.33523,76.83577,686
Bengaluru City,Kumaraswamy Layout PS,12.91204,77.55975,684
Bengaluru City,Seshadripuram PS,12.9803,77.5722,679
Belagavi Dist,Gokak Town PS,16.16206,74.82027,675
Belagavi Dist,Kulgod PS,16.22305,75.04943,671
Mysuru City,Narasimharaja PS,12.33807,76.66162,670
Vijayapur,Babaleshwar PS,16.59376,75.57408,670
Bagalkot,Bagalkot Rural PS,16.2026,75.80149,666
Bengaluru Dist,Bengaluru CEN Crime PS,12.97334,77.64526,666
Koppal,Gangavathi Town PS,15.43028,76.52724,666
Bengaluru City,NorthEast CEN Crime PS,13.06093,77.56315,665
Dakshina Kannada,Vitla PS,12.76432,75.09565,665
Tumakuru,Amruthur PS,12.96561,76.90534,665
Davanagere,Nyamathi PS,14.12568,75.5651,664
Kodagu,Shanivarasanthe PS,12.71514,75.87899,662
Shivamogga,Holehonnur PS,13.97323,75.70656,660
Bengaluru City,Banashankari Traffic PS,12.91767,77.55079,655
Gadag,Shirahatti PS,15.14554,75.62016,654
Vijayapur,Tikota PS,16.87506,75.49699,653
Belagavi City,APMC Yard PS,15.88321,74.50887,652
Gadag,Lakshmeshwar PS,15.1168,75.50414,652
Bengaluru Dist,Anugondanahalli PS,12.95302,77.82183,651
Davanagere,Malebennur PS,14.37885,75.73027,648
Mangaluru City,Mangalore East PS,12.87613,74.85207,639
Tumakuru,Jayanagara PS,13.32051,77.11111,637
Belagavi Dist,Kudachi PS,16.58838,74.8579,636
Bengaluru City,Halasur Traffic PS,12.96874,77.63178,634
Bengaluru City,Chikkajala PS,13.16547,77.62624,633
Davanagere,Harihara Rural PS,14.49789,75.80942,630
Bagalkot,Badami PS,15.90914,75.64271,629
Bagalkot,Bagalkot Town PS,16.17993,75.67009,629
Yadgir,Shahapur  PS,16.67348,76.86857,629
Vijayapur,Golgumbaz PS,16.82477,75.73219,628
Belagavi City,Marihal PS,15.89201,74.62243,624
Bengaluru City,North CEN Crime PS,13.01761,77.5579,622
Uttara Kannada,Yellapura PS,14.92963,74.73293,618
Bengaluru City,Wilsongarden PS,12.94205,77.58792,617
Belagavi City,Malamaruthi PS,15.86991,74.54135,615
Hubballi Dharwad City,Dharwad Town PS,15.45987,75.01489,613
Bengaluru City,Banashankari PS,12.87284,77.55397,612
Hassan,Shanthigrama PS,12.96357,76.21386,611
Udupi,Malpe PS,13.36317,74.70478,609
Vijayapur,Hortti PS,17.07914,75.82466,609
Hassan,Hassan Traffic PS,12.99861,76.11868,607
Hubballi Dharwad City,Hubballi Sub Urban PS,15.35025,75.1334,607
Chickballapura,Shidlaghatta Town PS,13.39044,77.8643,605
Mangaluru City,Ullal PS,12.75357,74.80502,605
Vijayapur,Talikot PS,16.48409,76.28972,602
Kalaburagi City,Chowk PS,17.35114,76.83212,601
Tumakuru,Patanayakanahalli PS,13.90222,76.724,601
Gadag,Gadag Town PS,15.42601,75.6146,597
Bengaluru City,SouthEast CEN Crime PS,12.88188,77.64599,596
Bengaluru Dist,Sulibele PS,13.16873,77.81289,594
Koppal,Kanakagiri PS,15.58902,76.42945,594
Bengaluru City,Bandepalya PS,12.88826,77.63489,591
Mysuru Dist,T. Narasipura PS,12.23161,76.84106,591
Bengaluru City,Cubbon Park PS,12.95675,77.59313,590
Udupi,Kundapura PS,13.61472,74.69513,590
Bidar,Humnabad PS,17.78985,77.12923,589
Davanagere,Santhebennur PS,14.18443,75.88104,589
Kodagu,Somwarpet PS,12.58671,75.83188,589
Dharwad,Navalgund PS,15.57597,75.32527,586
Chikkamagaluru,Birur PS,13.61755,75.95321,582
Davanagere,KTJ Nagar PS,14.44827,75.91565,580
Kodagu,Kushalanagar Rural PS,12.48192,75.9241,580
Kodagu,Virajpet Rural PS,12.20627,75.78167,579
Bengaluru City,Kumaraswamy Layout Traffic PS,12.87944,77.55169,578
Belagavi City,Belgaum North Traffic PS,15.87321,74.52647,577
Hubballi Dharwad City,Gokul Road PS,15.35199,75.10453,576
Bagalkot,Bilagi PS,16.34809,75.5662,575
Bengaluru City,Koramangala PS,12.93524,77.62148,573
Udupi,Padubidri PS,13.14857,74.76893,572
Kalaburagi City,Station Bazar PS,17.31848,76.82659,568
Tumakuru,Chelur PS,13.43222,76.86363,568
Chickballapura,Gowribidanur Town PS,13.60867,77.51437,566
Tumakuru,Madhugiri PS,13.66621,77.20646,563
Bengaluru Dist,Thyamagondlu PS,13.21685,77.31265,562
Bidar,Dhannura PS,17.96193,77.32284,560
Udupi,Gangolli PS,13.68941,74.66629,560
Bengaluru City,Byadarahalli PS,12.92706,77.44352,559
Vijayapur,Almel PS,17.074,76.24255,559
Davanagere,Davanagere Extention PS,14.46002,75.91701,558
Davanagere,Vidyanagar PS,14.4377,75.90651,558
Belagavi City,Bagewadi PS,15.73302,74.57394,557
Bengaluru City,Cottonpet PS,12.96474,77.56858,555
Shivamogga,Shikaripura Rural PS,14.24351,75.36797,555
Yadgir,Shorapur PS,16.49954,76.74391,554
Hubballi Dharwad City,Dharwad Traffic PS,15.44721,75.01093,551
Tumakuru,Kodigenahalli PS,13.71026,77.36725,549
Tumakuru,Tumakuru Town PS,13.31469,77.09178,549
Bengaluru City,Commercial Street PS,12.98054,77.60361,548
Mysuru City,Udayagiri PS,12.32076,76.67872,548
Dharwad,Kundagol PS,15.21779,75.24596,546
Davanagere,Harihara Town PS,14.51397,75.80843,543
Bagalkot,Amengad PS,16.04492,75.89586,542
Davanagere,Davanagere Women PS,14.46283,75.91765,541
Vijayapur,Indi PS,17.17131,75.95567,541
Mangaluru City,Bajpe PS,12.95592,74.88752,540
Shivamogga,Sagar Rural PS,14.15802,75.08245,539
Vijayapur,Vijayapura Women PS,16.8112,75.72868,538
Bengaluru City,Madivala PS,12.87831,77.60725,535
Bengaluru City,Byatrarayanapura Traffic PS,12.94576,77.53124,532
K.G.F,Bethamangala PS,13.01212,78.32591,532
Bagalkot,Jamakhandi Rural PS,16.50253,75.29023,531
Haveri,Hanagal PS,14.7032,75.12207,528
Mangaluru City,Surathkal PS,12.94588,74.76014,528
Uttara Kannada,Sirsi Rural PS,14.62733,74.7807,528
Vijayapur,Nidagundi PS,16.38042,75.91725,524
Uttara Kannada,Bhatkal Rural PS,13.99645,74.55249,523
Hassan,Channarayapatna Town PS,12.87566,76.40232,522
Mysuru Dist,Saligrama PS,12.56657,76.29194,522
Bengaluru City,Kothanur PS,13.07002,77.63541,520
Bidar,Basava Kalyana Town PS,17.85963,76.94116,517
Hassan,Hassan Rural PS,13.02547,76.09924,516
Kalaburagi City,Ferhatabad PS,17.20468,76.75654,515
Chamarajanagar,Ramapura PS,12.00882,77.4179,514
Kodagu,Gonikoppa PS,12.18213,75.93395,514
Udupi,Shankaranarayana PS,13.60425,74.88334,511
Uttara Kannada,Manki PS,14.19752,74.48713,511
Chikkamagaluru,Balehonnur PS,13.35244,75.48165,510
Tumakuru,Thilak Park PS,13.32936,77.09353,509
Bengaluru Dist,Chennarayapatana PS,13.19447,77.76017,508
Mysuru City,Narasimharaja Traffic PS,12.34206,76.65768,507
Tumakuru,Chikkanayakanahalli PS,13.39694,76.52861,507
Bengaluru City,Basavanagudi Traffic PS,12.94049,77.56576,506
Hubballi Dharwad City,Hubballi North Traffic PS,15.36591,75.1041,506
Chikkamagaluru,Sakkaraya Patna PS,13.41365,75.95608,505
Shivamogga,Shivamogga Rural PS,13.93505,75.59078,504
Raichur,Maski PS,15.96303,76.60044,503
Uttara Kannada,Sirsi Town PS,14.60776,74.82962,503
Chamarajanagar,Kollegala Town PS,12.15697,77.10608,502
Chikkamagaluru,Lakkavalli PS,13.71413,75.69006,501
Hubballi Dharwad City,Keshavapur PS,15.36325,75.15782,501
Kalaburagi City,Ashoknagar PS,17.32109,76.81195,501
Tumakuru,Y.N. Hosakote PS,14.2444,77.18688,501
Bengaluru City,Kempegowda Nagar PS,12.93966,77.55776,500
Haveri,Shiggaon PS,15.00424,75.238,500
Vijayapur,Kalkeri PS,16.70837,76.33782,500
Davanagere,Hadadi PS,14.35012,75.90969,498
Shivamogga,Shivamogga West Traffic PS,13.93397,75.56017,498
Udupi,Kundapura Traffic PS,13.61342,74.69972,498
Bengaluru City,J.C. Nagar PS,12.99852,77.58277,496
Belagavi City,Belgaum South Traffic PS,15.84342,74.50563,495
Dakshina Kannada,Bantwala Town PS,12.87848,75.03555,493
Uttara Kannada,Banavasi PS,14.60972,74.99075,492
Bidar,Bhalki Town PS,18.0463,77.21544,491
Bidar,Chitaguppa PS,17.69256,77.18182,491
Kodagu,Madikeri Rural PS,12.382,75.67893,490
Tumakuru,Honnavalli PS,13.3245,76.42883,490
Vijayapur,Zalaki PS,17.29299,75.82561,490
Koppal,Tavaregera PS,15.78151,76.3769,489
Uttara Kannada,Dandeli Town PS,15.24996,74.62022,489
Dharwad,Annigeri PS,15.42926,75.40134,488
K.G.F,Robertsonpet  PS,12.95778,78.27656,488
Koppal,Hanumasagar PS,15.86577,75.99304,488
Udupi,Karkala Rural PS,13.20019,74.9834,488
Mysuru Dist,Bannur PS,12.32977,76.86047,487
Kodagu,Virajpet Town PS,12.19478,75.79676,486
Bengaluru City,Mahalakshmipuram PS,13.20582,77.48602,485
Tumakuru,Nonavinakere PS,13.17596,76.5218,485
Tumakuru,Tiptur Rural PS,13.25514,76.47842,484
Mangaluru City,Mangalore North PS,12.86946,74.83836,483
Bagalkot,Kerur PS,16.04517,75.53197,480
Bengaluru City,HSR Lay Out Traffic PS,12.91409,77.65114,480
Haveri,Byadagi PS,14.59406,75.44889,479
Mangaluru City,Konaje PS,12.77695,74.88551,479
Tumakuru,Tumakuru Women PS,13.30844,76.91557,479
Vijayapur,Managuli PS,16.64952,75.82839,479
Bengaluru City,Yeshwanthapura PS,13.02553,77.55093,478
Bengaluru City,Ramamurthy Nagar PS,13.01455,77.56927,475
Hubballi Dharwad City,Kasabapeth PS,15.34569,75.15461,475
Bidar,Gandhi Gunj PS,17.87121,77.50583,474
Bidar,Manna Ekhelli PS,17.71633,77.32719,474
Belagavi Dist,Nippani Town PS,16.39259,74.38048,473
Shivamogga,Bhadravathi Rural PS,13.77192,75.64922,472
Chikkamagaluru,Lingadahalli PS,13.5976,75.81022,470
Bengaluru City,Upparpet PS,12.9713,77.55985,469
Tumakuru,Chandrashekarpura PS,13.16362,76.90715,468
Udupi,Udupi Town PS,13.3404,74.74579,468
Hassan,Dudda PS,13.08515,76.20314,467
Haveri,Ranebennur Town PS,14.59234,75.60341,466
Mangaluru City,Urva PS,12.80853,74.75445,466
Belagavi City,Tilakwadi PS,15.82425,74.51248,465
Tumakuru,New Extention PS,13.33432,77.11936,464
Ramanagara,Harohalli PS,12.68011,77.47023,463
Udupi,Karkala Town PS,13.22484,74.93935,463
Gadag,Betageri  PS,15.44738,75.6494,461
Uttara Kannada,Bhatkal Town PS,13.99475,74.54957,460
Bengaluru City,Whitefield CEN Crime PS,12.93286,77.64412,459
Mangaluru City,Kavoor PS,12.92165,74.85257,458
Raichur,Turvihal PS,15.78425,76.62866,458
Kalaburagi City,MB Nagar PS,17.33076,76.85501,457
Raichur,Manvi PS,15.92555,77.03208,457
Udupi,Udupi Traffic PS,13.34524,74.73946,456
Mangaluru City,Kankanady Town PS,12.8737,74.87851,452
Yadgir,Yadgiri Rural PS,16.69288,77.16657,450
Belagavi City,Shahapura PS,15.83001,74.51455,448
Belagavi Dist,Nippani Rural PS,16.46676,74.34227,447
Chikkamagaluru,Chickmagalur Traffic PS,13.31975,75.76742,446
K.G.F,Andersonpet  PS,12.92765,78.28898,446
Udupi,Udupi CEN Crime PS,13.38813,74.77907,446
Vijayapur,Chadachan PS,17.30325,75.67895,445
Kodagu,Ponnampet PS,12.14209,75.97718,444
Mangaluru City,Mulki PS,13.07485,74.80274,444
Dakshina Kannada,Punjalkatte PS,12.9381,75.17072,443
Hubballi Dharwad City,Bendigeri PS,15.33543,75.15261,443
Shivamogga,Sagar Town PS,14.16299,75.03991,442
Uttara Kannada,Karwar Town PS,14.81621,74.13117,439
Hubballi Dharwad City,Hubballi Town PS,15.34691,75.14559,438
Kolar,Kolar Rural PS,13.19725,78.17482,438
Davanagere,Basavapatna PS,14.2002,75.77935,433
Mysuru Dist,Bilikere PS,12.34236,76.42405,432
Mysuru City,Nazarbad PS,12.3006,76.53578,431
Belagavi Dist,Nesargi PS,15.90303,74.76615,430
Davanagere,Davanagere South Traffic PS,14.44921,75.91268,430
Yadgir,Kembhavi PS,16.6369,76.54292,430
Chamarajanagar,Chamarajanagar East PS,11.77862,77.01369,428
Vijayapur,Jalanagar PS,16.79999,75.72691,427
Bengaluru City,Central CEN Crime PS,12.75432,77.48512,426
Mysuru Dist,Periyapatna PS,12.33295,76.1024,426
Vijayapur,Kolhar PS,16.46998,75.71559,424
Uttara Kannada,Sirsi New Market PS,14.62272,74.84206,423
Bengaluru City,Beguru PS,12.71548,77.4841,422
Dakshina Kannada,Uppinangadi PS,12.83793,75.36049,422
Haveri,Haveri Rural PS,14.81398,75.39745,422
Bagalkot,Hungunda PS,16.10148,76.04861,421
Bengaluru City,Sampangiramanagar PS,12.94046,77.57796,421
Udupi,Shirva PS,13.23355,74.80182,421
Gadag,Naregal PS,15.60029,75.78052,420
Belagavi Dist,Doddawad PS,15.68901,74.9145,418
Mandya,Pandavapura PS,12.50463,76.66097,418
Tumakuru,Handanakere PS,13.49237,76.47071,414
Bagalkot,Banahatti PS,16.46145,75.16841,413
Bagalkot,Lokapur PS,16.18716,75.33089,413
Belagavi Dist,Ankali PS,16.53782,74.66981,412
Dakshina Kannada,Bantwala Traffic PS,12.88266,75.03302,412
Bengaluru City,Yelahanka Traffic PS,13.13951,77.53168,411
Shivamogga,Kumsi PS,14.04156,75.41508,411
Mysuru City,Mysuru City Women PS,12.31583,76.65571,410
Tumakuru,Badavanahalli PS,13.69212,77.09201,407
Haveri,Ranebennur Rural PS,14.65772,75.6454,402
Bengaluru City,Yelahanka PS,13.10503,77.60123,400
Vijayapur,Adarsh Nagar PS,16.85565,75.71471,400
Koppal,Koppal Town PS,15.34845,76.18087,399
Bagalkot,Navanagara PS,16.16178,75.659,398
Bidar,Humnabad Traffic PS,17.78039,77.13013,398
Mysuru City,Alanahally PS,12.299,76.70335,398
Tumakuru,Medigeshi PS,13.81196,77.22617,398
Kalaburagi City,Kalaburagi City Women PS,17.32298,76.81128,397
Mysuru Dist,Hullahalli PS,12.05022,76.53356,397
Bengaluru Dist,Bengaluru Dist Women PS,13.3073,77.51299,395
Hubballi Dharwad City,APMC Navanagar,15.39109,75.08891,395
Dakshina Kannada,Sullia PS,12.5635,75.39852,394
Mangaluru City,Panambur PS,12.92183,74.81674,394
Raichur,Hutti PS,16.17051,76.50709,394
Bengaluru City,Bommanahalli PS,12.89555,77.6108,392
Davanagere,Bilichodu PS,14.51465,76.21104,392
Hubballi Dharwad City,Hubballi South Traffic PS,15.32673,75.13263,392
Kodagu,Siddapura PS,12.29711,75.86839,392
Dakshina Kannada,Bantwala Rural PS,12.88503,75.03769,390
Koppal,Kuknoor PS,15.4311,75.99939,390
Bengaluru City,S.J. Park PS,12.9579,77.58117,389
Raichur,Yeregera PS,16.10072,77.37592,389
Bidar,Bhalki Rural PS,18.06997,77.20029,388
Bengaluru City,Shivajinagar Traffic PS,12.98309,77.60355,384
Hassan,Banavara PS,13.40902,76.21058,384
Raichur,Mudgal PS,15.99414,76.37668,382
Mangaluru City,Mangalore Rural PS,12.90316,74.90994,380
Bagalkot,Kaladagi PS,16.18992,75.54562,379
Mysuru City,Vidyaranyarpuram PS,12.27231,76.64547,377
Raichur,Sirwar PS,16.1384,77.02171,377
Dakshina Kannada,Belthangadi PS,12.99947,75.2877,375
Haveri,Haveri Town PS,14.7873,75.40327,375
Haveri,Hirekerur  PS,14.43056,75.40934,375
Koppal,Yelburga PS,15.59746,76.02944,375
Bidar,Hallikhed PS,17.82949,77.23159,374
Koppal,Alwandi PS,15.239,75.98425,374
Chitradurga,Parasurampura PS,14.2708,76.86774,372
Karnataka Railways,Bengaluru City Rly PS,12.88616,77.48914,372
Mysuru Dist,Mysuru South PS,12.22272,76.30195,372
Shivamogga,Thirthahalli PS,13.70312,75.25725,370
Bengaluru City,City Market Traffic PS,12.95802,77.58244,369
Bidar,Aurad PS,18.24648,77.41192,369
Raichur,Sindanoor Rural PS,15.72364,76.77747,369
Tumakuru,Arasikere PS,14.11792,77.08514,368
Bengaluru City,Amruthahally PS,13.10572,77.50403,367
Bengaluru City,HSR Layout PS,12.9047,77.61988,367
Bengaluru City,R.M.C. Yard PS,13.04958,77.42403,367
Bengaluru City,East CEN Crime PS,12.11107,77.60211,365
Chickballapura,Patapalya PS,13.76793,77.98001,364
Shivamogga,Hosanagara PS,13.94039,75.09745,363
Yadgir,Wadigere PS,16.61775,77.08843,363
Belagavi City,Camp PS,15.86149,74.49348,362
Chickballapura,Chintamani Rural PS,13.37577,78.03547,362
Mysuru Dist,Hunusur Rural PS,12.28975,76.25966,362
Kalaburagi City,Roza PS,17.34855,76.85142,359
Tumakuru,Kolala PS,13.41767,77.28547,359
Chitradurga,Holalkere PS,14.00548,76.15938,358
Hassan,Channarayapatna Traffic PS,12.885,76.39939,358
Mysuru City,Hebbal PS,12.34975,76.61068,358
Shivamogga,Shikaripura Town PS,14.26197,75.36039,357
Bengaluru City,Magadi Road PS,12.83163,77.5303,354
Haveri,Hansabhavi PS,14.55058,75.37564,354
Tumakuru,Dandina Shivara PS,13.23249,76.72055,352
Tumakuru,Tavarekere PS,13.81039,76.80485,352
Bagalkot,Savalgi PS,16.62136,75.37891,350
Bengaluru City,Bagalagunte PS,13.1874,77.38884,350
Bidar,New Town PS,17.90493,77.46607,349
Chamarajanagar,Gundlupete  PS,11.81199,76.6722,348
Dakshina Kannada,Belthangadi Traffic PS,12.97506,75.34039,347
Hassan,Goruru PS,12.86156,76.09495,347
Tumakuru,Kibbanhalli PS,13.3011,76.6395,347
Mysuru City,Lashkar PS,12.30102,76.63077,346
Bidar,Bidar Traffic PS,17.90991,77.50971,343
Dakshina Kannada,Puttur Rural PS,12.69253,75.23443,342
Kodagu,Sunticoppa PS,12.4509,75.81719,342
Udupi,Hiriadka PS,13.35341,74.84759,342
Bengaluru City,Shankarpura PS,12.9216,77.55688,340
K.G.F,Kamasamudram PS,12.86371,78.19954,340
Belagavi City,Belagavi City Women PS,15.86134,74.51913,338
Haveri,Haveri CEN Crime PS,14.74177,75.41997,337
Chikkamagaluru,Koppa  PS,13.52393,75.36543,336
Koppal,Bevoor PS,15.5786,76.18938,335
Bagalkot,Mahalingapur PS,16.38149,75.10492,334
Chickballapura,Kencharlahalli PS,13.51004,78.07094,334
Yadgir,Yadgiri Traffic PS,16.76849,77.13496,334
Bengaluru City,Byappanahalli PS,12.98685,77.6488,333
Mysuru City,Vijayanagar PS,12.35002,76.59172,333
Mysuru Dist,Bettadapura PS,12.4678,76.10705,333
Uttara Kannada,Ramanagar PS,15.38245,74.45814,333
Bengaluru City,Srirampura PS,12.98725,77.56485,332
Gadag,Mulagund PS,15.25086,75.57083,332
Hassan,Nuggehalli PS,13.03769,76.45479,332
Bagalkot,Ilakal Rural PS,15.98425,76.17281,331
Mysuru City,Metagalli PS,12.35429,76.63582,331
Mysuru City,V.V. Puram PS,12.33024,76.63295,331
Mysuru Dist,Varuna PS,12.25419,76.58611,331
Raichur,Sindhanoor Town PS,15.76578,76.75668,331
Shivamogga,Vinobanagara PS,13.89711,75.52562,330
Bidar,Basava Kalyana Traffic PS,17.83653,76.943,329
Mysuru City,Mandi PS,12.31771,76.6256,329
Bidar,Manthala PS,17.75229,76.80914,327
Mysuru Dist,Nanjanagudu Rural PS,12.10437,76.64497,326
Belagavi City,Khadebazar PS,15.8587,74.51175,325
Belagavi Dist,Ankalgi PS,16.03025,74.70056,324
Belagavi Dist,Khadakalat PS,16.42204,74.47455,324
Bidar,Basava Kalyana Rural PS,17.83507,76.9832,324
Raichur,Raichur Women PS,16.15376,77.3325,324
Raichur,Raichur West PS,16.18605,77.33419,323
Bidar,Janwada PS,17.95308,77.45932,322
Bengaluru City,Whitefield Traffic PS,12.96815,77.74379,321
Mysuru City,Krishnaraja PS,12.26661,76.42561,321
Raichur,Jalhalli PS,16.29107,76.67012,321
Bagalkot,Teradal PS,16.47764,75.06294,320
Ballari,Moka PS,15.27491,77.04484,320
Chamarajanagar,Begur PS,11.88708,76.66051,319
Davanagere,Azad Nagar PS,14.48041,75.9241,319
Davanagere,Jagalur PS,14.52177,76.34358,318
Vijayapur,Kudagi PS,16.51175,75.85402,318
Vijayanagara,Harapanahalli PS,14.80561,75.95344,317
Ballari,Sirigeri PS,15.44098,76.89157,316
Chickballapura,Chickballapura Traffic PS,13.4281,77.73288,316
Yadgir,Gurumitkal PS,16.83791,77.35714,314
Uttara Kannada,Murudeshwar PS,14.08999,74.48734,313
Dharwad,Alnavar PS,15.4308,74.78589,312
Mysuru City,Devaraja PS,12.31051,76.63714,312
Vijayapur,APMC PS,16.83952,75.7272,312
Bengaluru City,Vijayanagar Traffic PS,12.97649,77.53899,311
Uttara Kannada,Karwar Rural PS,14.79598,74.18311,307
Bagalkot,Jamakhandi Town PS,16.47555,75.27399,306
Haveri,Kaginele PS,14.65213,75.34762,305
Kalaburagi,Nelogi PS,17.04088,76.54737,305
Tumakuru,Bellavi PS,13.36819,77.06641,305
Uttara Kannada,Chittakula PS,14.87416,74.13917,305
Bengaluru City,West CEN Crime PS,12.97945,77.53674,302
Chamarajanagar,Hanur PS,12.12736,77.2659,302
Chitradurga,Challakere PS,14.32286,76.59926,302
Hassan,Gandasi PS,13.16477,76.29677,302
Shivamogga,Hosamane PS,13.82839,75.71398,301
Haveri,Bankapura PS,14.92178,75.21752,300
Udupi,Kundapura Rural PS,13.63355,74.74328,300
Davanagere,Mayakonda PS,14.31197,76.04185,299
Haveri,Adur PS,14.7369,75.23277,299
Davanagere,Gandhi Nagar PS,14.48009,75.90774,298
Hubballi Dharwad City,Ashoknagar PS,15.36475,75.14586,298
Mysuru Dist,Yelawala PS,12.31591,76.46586,298
Bengaluru City,Bharathi Nagar PS,12.98905,77.60571,297
Chamarajanagar,Chamarajanagar Town PS,11.89798,76.91549,297
Chikkamagaluru,Kalasa PS,13.23281,75.38607,297
Dakshina Kannada,Venoor PS,13.04529,75.1573,297
Mysuru Dist,Nanjangudu Traffic PS,12.10986,76.67431,297
Udupi,Hebri PS,13.44274,74.97924,297
Bengaluru City,Kengeri Traffic PS,12.84263,77.48348,296
Bengaluru City,Kadugondana Halli PS,13.01957,77.6068,295
Kodagu,Kushalnagar Town PS,12.44883,75.93889,295
Kodagu,Napoklu PS,12.2839,75.66779,295
Shivamogga,Kote PS,13.92358,75.57941,295
Chikkamagaluru,Sringeri  PS,13.42237,75.25284,294
Ballari,Bellary Rural PS,15.13709,76.8772,293
Bengaluru City,Halasur Gate Traffic PS,12.96486,77.58537,293
Bengaluru City,Kodigehalli PS,13.0611,77.57629,293
Hassan,Arehalli PS,13.0717,75.81452,293
Karnataka Railways,Raichur Rly PS,16.43139,77.24995,293
Shivamogga,Ripponpet PS,13.93927,75.23582,293
Uttara Kannada,Gokarna PS,14.54874,74.34228,293
Uttara Kannada,Dandeli Rural PS,15.25269,74.62483,292
Chitradurga,Hiriyur Rural PS,13.86226,76.57829,291
Kalaburagi,Jewargi PS,16.97491,76.7715,291
Mangaluru City,Mangalore Women PS,12.88782,74.84591,291
Bengaluru Dist,Hosakote Traffic PS,13.08617,77.79893,290
Belagavi City,Udyambag PS,15.81607,74.49259,289
Bengaluru City,Madivala Traffic PS,12.90445,77.61385,289
Bengaluru City,Thalaghattapura PS,12.795,77.5252,289
Kodagu,Kushalnagar Traffic PS,12.46141,75.94083,289
Ramanagara,Kudur PS,13.07967,77.18136,289
Kolar,Srinivasapura PS,13.32178,78.2026,288
Bagalkot,Ilakal PS,15.77776,76.08536,287
Ramanagara,Bidadi PS,12.79876,77.40129,287
Mysuru Dist,Jayapura PS,12.21952,76.55141,286
Chamarajanagar,Terakanambi PS,11.80806,76.77617,285
Kodagu,Madikeri Town PS,12.42256,75.73712,284
Tumakuru,Tumakuru CEN Crime PS,13.33186,77.04953,284
Hubballi Dharwad City,HD City Women PS,15.35547,75.11503,282
Shivamogga,Paper Town PS,13.80097,75.68784,282
Belagavi Dist,Chikkodi Town Traffic PS,16.42203,74.58751,281
Raichur,Balaganoor PS,15.90054,76.7758,277
Belagavi City,Belagavi City CEN Crime PS,15.86373,74.51928,276
Gadag,Betageri Extention PS,15.42793,75.64327,276
Shivamogga,Bhadravathi New Town PS,13.80187,75.64967,276
Udupi,Kollur PS,13.76831,74.78559,276
Mangaluru City,Barke PS,12.88459,74.834,275
Bengaluru City,Siddapura PS,12.86705,77.54938,273
Mandya,Mandya Rural PS,12.51573,76.87593,273
Bagalkot,Guledagudda PS,15.89742,75.69628,272
Dakshina Kannada,Puttur Town PS,12.76106,75.19798,272
Mysuru Dist,H.D. Kote PS,12.12408,76.32067,272
Hubballi Dharwad City,Hubballi East Traffic PS,15.35447,75.15367,271
Kolar,Vemagal PS,13.19118,77.9479,270
Raichur,Sadar Bazar PS,16.1889,77.34591,270
Bengaluru City,Vidhana Soudha PS,12.98114,77.5907,269
Yadgir,Saidapur PS,16.60472,77.29842,269
Belagavi Dist,Basaweshwar Chowk PS,16.42499,74.38178,266
Yadgir,Hunasagi PS,16.45297,76.53008,266
Bengaluru City,Gangammana Gudi PS,13.08759,77.51221,265
Shivamogga,Anavatti PS,14.52985,75.14434,265
Shivamogga,Bhadravathi Traffic PS,13.84895,75.69495,265
Chikkamagaluru,N.R. Pura PS,13.61709,75.48817,264
Raichur,Kowthal PS,16.07114,76.80051,264
Raichur,Raichur Traffic PS,16.20358,77.35161,263
Shivamogga,Bhadravathi Old Town PS,13.84502,75.6894,263
Tumakuru,Thirumani PS,14.22698,77.38516,261
Bengaluru City,Airport Traffic PS,12.77581,77.55344,260
Chikkamagaluru,Mallanduru PS,13.36227,75.65195,260
Shivamogga,Shiralakoppa PS,14.39036,75.25396,258
Chickballapura,Nandi Giridhama PS,13.36705,77.62205,256
Mysuru Dist,Bylakuppe PS,12.4219,75.99551,256
Chitradurga,Chitradurga Rural PS,14.21006,76.33556,253
Kalaburagi,Kamalapur PS,17.57576,77.01393,253
Chikkamagaluru,Panchanahalli PS,13.55204,76.27659,252
Shivamogga,Soraba PS,14.35821,75.10299,252
Ramanagara,Ramanagara Women PS,12.71026,77.31062,251
Hassan,Channarayapatna Rural PS,12.92038,76.3513,250
Bengaluru City,Chickpet Traffic PS,12.96431,77.56547,248
Hassan,Holenarasipura Rural PS,12.78629,76.25862,248
Bengaluru City,Kamakshipalya Traffic PS,12.83659,77.46372,247
Bidar,Bidar Rural PS,17.85596,77.49112,247
Bidar,Kamalanagar PS,18.233,77.21162,246
Dakshina Kannada,Dharmasthala PS,12.89399,75.3959,245
Karnataka Railways,Bengaluru Cantonment Rly PS,12.99555,77.7201,245
Shivamogga,Shivamogga East Traffic PS,13.93129,75.58927,245
Bengaluru City,Pulakeshinagar  PS,12.99452,77.54316,244
Chikkamagaluru,Gonibeedu PS,13.07337,75.67886,244
Chikkamagaluru,Yagati PS,13.60762,76.14228,243
Bengaluru City,Jayaprakash Nagar PS,12.92228,77.5693,241
Chamarajanagar,Yelandur  PS,12.04626,77.04453,240
Chikkamagaluru,Basavanahalli  PS,13.33993,75.7475,239
Davanagere,Basavanagara PS,14.45385,75.88308,239
Bengaluru City,Thilaknagar PS,12.91074,77.57558,238
Mysuru City,Jayalakshmipuram PS,12.32012,76.62465,238
Vijayanagara,Kottur PS,14.82633,76.2225,238
Dharwad,Gudageri PS,15.13606,75.33746,237
Haveri,Guttal PS,14.87809,75.61045,237
Mangaluru City,Mangalore West Traffic PS,12.88085,74.83728,237
Ramanagara,Kumbalagudu PS,12.87939,77.43663,237
Mandya,Mandya Traffic PS,12.52642,76.8942,233
Bengaluru City,Govindapura PS,13.0306,77.61045,232
Bengaluru City,Thalaghattapura Traffic PS,12.87446,77.52206,232
Bidar,Bagdal PS,17.36308,77.3957,232
Chickballapura,Manchenalli PS,13.52578,77.55833,232
Haveri,Haveri Women PS,14.7959,75.43701,231
Bidar,Mudbi PS,17.70888,76.94165,230
Shivamogga,Malur PS,13.74016,75.3591,230
Bidar,Market PS,17.87902,77.52235,229
Uttara Kannada,Karwar Traffic PS,14.81043,74.13073,229
Ramanagara,Tavarekere PS,12.94059,77.38556,228
Ballari,Siruguppa PS,15.62325,76.90375,227
Raichur,Shakti Nagar PS,16.36534,77.35366,227
Yadgir,Gogi PS,16.60536,76.65661,227
Chamarajanagar,Chamarajanagar Traffic PS,11.93041,76.91644,226
Mysuru City,Deveraja Traffic PS,12.31097,76.65314,226
Yadgir,Bheemarayanagudi PS,16.76592,76.81483,225
Kalaburagi,Wadi PS,17.02857,76.96754,222
Bidar,Bemalkhed PS,17.65259,77.39806,221
Ramanagara,Magadi PS,12.89053,77.23836,221
Bidar,Khataka Chincholi PS,17.94936,77.1879,220
Chitradurga,Bharamasagara PS,14.30915,76.21247,220
Chitradurga,Rampura PS,14.88472,76.77025,220
Davanagere,RMC Yard PS,14.46178,75.93774,219
Mandya,Maddur PS,12.56458,77.05688,219
Karnataka Railways,Wadi Rly PS,15.75496,76.38712,218
Shivamogga,Jayanagara PS,13.92827,75.56779,218
Mandya,Mandya Central PS,12.53719,76.8954,217
Bengaluru City,BIAL PS,13.19859,77.67829,216
Chitradurga,Hosadurga PS,13.8666,76.27762,216
Davanagere,Davanagere CEN Crime PS,14.38388,75.85338,216
Vijayanagara,Halavagilu PS,14.67943,75.85699,216
Kodagu,Srimangala PS,12.1361,75.87209,213
Chitradurga,Molakalmuru PS,14.69808,76.70833,212
Davanagere,Davangere North Traffic PS,14.46853,75.92732,212
Bidar,Hulsoor PS,17.94537,76.96946,211
Bengaluru City,Devanahalli PS,13.25552,77.67306,210
Hassan,Shravanabelagola PS,12.83474,76.4607,209
Mandya,Mandya East PS,12.52857,76.90346,209
Bengaluru City,Mico Layout Traffic PS,12.91812,77.60167,208
Hassan,Halebeedu PS,13.18789,76.01171,206
Ramanagara,Kanakapura Town PS,12.54928,77.42246,206
Dakshina Kannada,Subramanya PS,12.66541,75.54292,205
Ballari,Kurugod PS,15.33064,76.83208,204
Chamarajanagar,Kuderu PS,12.08846,76.90193,204
Chikkamagaluru,Balur  PS,13.20053,75.48218,204
Raichur,Market Yard PS,16.21666,77.35061,204
Shivamogga,Agumbe PS,13.5864,75.16131,204
Chikkamagaluru,Banakal  PS,13.13384,75.5579,203
Gadag,Gadag CEN Crime PS,15.40518,75.63485,202
Bengaluru City,Airport PS,12.58038,77.39753,201
Bidar,Hokrana PS,18.36086,77.31871,201
Hubballi Dharwad City,Ghantikeri PS,15.33291,75.14545,201
Karnataka Railways,Mysuru Rly PS,12.49817,76.65808,201
Mysuru Dist,Hunusur Town PS,12.30813,76.28961,201
Chitradurga,Hiriyur Town PS,13.8762,76.42254,200
Bengaluru City,Puttenahalli PS,12.88471,77.57494,199
Bidar,Kushnoor PS,18.1656,77.29848,199
Dakshina Kannada,Kadaba PS,12.75823,75.43039,199
Hassan,Konanur PS,12.48944,76.10124,198
Ramanagara,Kaggalipura PS,12.8053,77.49626,198
Koppal,Koppal Women PS,15.36862,76.18117,197
Udupi,Udupi Women PS,13.37294,74.76184,197
Yadgir,Yadgiri Town PS,16.74816,77.13016,197
Raichur,Raichur Rural PS,16.23448,77.31572,195
K.G.F,KGF CEN Crime PS,12.96903,78.24594,194
Koppal,Koppal Traffic PS,15.34234,76.15635,194
Bengaluru City,Hebbal Traffic PS,13.06015,77.59227,193
Bengaluru City,Indiranagar PS,12.94351,77.63698,193
Haveri,Tadas PS,15.05268,75.14059,189
Karnataka Railways,Hubballi Rly PS,15.20742,75.21762,189
Kodagu,Kutta PS,11.97199,76.06103,189
Vijayanagara,Arasikere PS,14.60186,76.01671,189
Vijayanagara,Hirehadagali PS,14.89898,75.78007,189
Hassan,Hassan City PS,13.0048,76.09653,188
Mysuru City,Laxmipuram PS,12.30086,76.64262,187
Bidar,Mannalli PS,17.7462,77.47757,186
Dharwad,Dharwad Women PS,15.38483,75.05665,186
Yadgir,Yadgiri Women PS,16.75014,77.12911,186
Bidar,Mehakar PS,18.04702,77.03961,185
Chikkamagaluru,Aldur PS,13.22277,75.59731,185
Bengaluru City,East Zone Women PS,12.96024,77.5886,184
K.G.F,BEML Nagar PS,12.98292,78.24036,184
Hassan,Sakaleshpura Town PS,12.94893,75.79099,183
Bengaluru Dist,Hosahalli PS,13.4375,77.43771,182
Kalaburagi,Sulepet PS,17.35808,77.34043,182
Kodagu,Bhagamandala PS,12.37954,75.55144,182
Yadgir,Kodekal PS,16.36123,76.48222,181
Haveri,Haveri Traffic PS,14.78969,75.3932,180
Ramanagara,Channapatna Rural PS,12.78584,77.16676,180
Ballari,Brucepet PS,15.14246,76.91333,179
Bengaluru City,K G Halli Traffic PS,13.02519,77.60416,177
Chamarajanagar,Chamarajanagar Rural PS,11.87027,76.84373,177
Kalaburagi,Mahagoan PS,17.50513,76.95104,177
Bidar,Santhapur PS,18.13096,77.44957,176
Shivamogga,Shivamogga Women PS,13.82809,75.48428,176
Bidar,Bidar Town PS,17.91839,77.53013,175
Dakshina Kannada,Bellare PS,12.70832,75.36821,175
Uttara Kannada,Joida PS,15.11911,74.46318,174
Udupi,Amasebailu PS,13.61935,74.95728,173
Haveri,Rattihalli PS,14.36404,75.47188,172
K.G.F,Budikote PS,12.91458,78.14866,172
Mandya,K.R. Pet Rural PS,12.63551,76.47632,172
Kalaburagi,Sedam PS,17.15339,77.28975,171
Ramanagara,Channapatna Town PS,12.54906,77.2146,171
Koppal,Gangavathi Traffic PS,15.43734,76.52867,170
Mysuru City,Kuvempunagar PS,12.28459,76.62215,170
Vijayanagara,Hadagali PS,15.07454,75.90243,170
Chickballapura,Chickballapura Rural PS,13.4454,77.67967,169
Vijayapur,Vijayapura CEN Crime PS,16.81501,75.80936,169
Mandya,Srirangapatna Rural PS,12.42514,76.68341,168
Ballari,Cowlbazar PS,15.15637,76.84079,167
Kalaburagi,Ratkal PS,17.4697,77.16894,167
Bengaluru City,Malleshwaram Traffic PS,12.99281,77.56361,166
Raichur,Sindanur Traffic PS,15.77384,76.75222,166
Ramanagara,Channapatna Traffic PS,12.50351,77.17508,166
Bagalkot,Bagalkot Traffic PS,16.17219,75.66452,165
Hassan,Alur PS,12.93705,75.95841,165
Chickballapura,Gowribidanur Rural PS,13.61406,77.50373,164
Bengaluru City,Adugodi Traffic PS,12.91036,77.60128,163
K.G.F,Oorgaum PS,12.95595,78.26008,163
Mandya,Srirangapatna PS,12.43952,76.64928,163
Hubballi Dharwad City,Kamaripeth PS,15.34392,75.13713,162
Raichur,Gabbur PS,16.31614,77.10481,162
Hassan,Sakaleshpura Rural PS,12.81526,75.7312,159
Haveri,Ranebennur Traffic PS,14.61126,75.62981,159
Kalaburagi,Alland PS,17.54833,76.54771,159
Ramanagara,Akkur PS,12.53789,77.21438,159
Chickballapura,Chickballapura Town PS,13.42859,77.72115,158
Kalaburagi City,Kalaburagi City CENCrime PS,17.30829,76.81689,158
Karnataka Railways,Belagavi Rly PS,15.94444,74.59574,158
Ballari,Kampli  PS,15.38436,76.60395,156
Chitradurga,Chitradurga Women PS,14.21626,76.39556,155
Bengaluru City,Pulakeshinagar Traffic PS,12.99355,77.53911,154
Chikkamagaluru,Chickmagalur Women PS,13.32844,75.74026,154
Kalaburagi,Devalagangapur PS,17.18978,76.54976,154
Mysuru Dist,Biligere PS,12.14636,76.40353,153
Bengaluru City,High Grounds Traffic PS,12.98197,77.57935,152
Chickballapura,Chickaballapura CEN Crime PS,13.52746,77.70919,152
Bengaluru City,Banasawadi Traffic PS,13.05427,77.57183,151
Kalaburagi,Afzalpur PS,17.21067,76.34462,151
Bengaluru City,Jeevan Bhima Nagar (Indiranagar) Traffic  PS,12.93286,77.66451,150
Shivamogga,Nagara PS,13.76487,75.01804,150
Chikkamagaluru,Singatagere PS,13.50729,76.15747,149
Bidar,Chintaki PS,18.22165,77.51745,148
Chitradurga,Chikkajajur PS,14.14362,76.13299,148
Kolar,Masti PS,12.88819,78.01713,148
Hassan,Hassan Extn. PS,13.02194,76.12196,146
Kodagu,Kodagu Women PS,12.3844,75.73864,146
Chickballapura,Dibburahalli PS,13.54752,77.89679,144
Chitradurga,Nayakanhatti PS,14.48168,76.56349,143
Hassan,Holenarasipura Town PS,12.6249,76.22408,143
Chikkamagaluru,Chickmagalur CEN Crime PS,13.35663,75.78634,142
Hassan,Arasikere Town PS,13.29633,76.26699,142
Chickballapura,Chintamani Town PS,13.39583,78.04722,141
Raichur,Idapanur PS,16.01284,77.43247,141
Bengaluru City,Wilsongarden Traffic PS,12.95193,77.59546,140
Chickballapura,Batlahalli PS,13.56541,78.14676,140
Kalaburagi,Revoor PS,17.30169,76.51338,140
Mysuru Dist,Kowlande PS,12.08218,76.72775,140
Belagavi Dist,Belagavi CEN Crime PS,16.11543,74.78697,139
Kolar,Mulbagal Rural PS,13.14558,78.32254,138
Kolar,Mulbagal Town PS,13.16276,78.38869,138
Bengaluru City,Basavanagudi Women PS,12.89717,77.54124,137
Dakshina Kannada,DK Women PS,12.78127,75.22256,137
Kolar,Kolar Town PS,13.13057,78.12317,137
Bengaluru City,Jayanagar Traffic PS,12.91484,77.56333,136
Haveri,Kumarapattanam PS,14.56059,75.72737,136
Shivamogga,Kargal PS,14.01015,74.70887,136
Chitradurga,Chitradurga Kote PS,14.22439,76.38504,135
Ballari,Thoranagal PS,15.18995,76.66186,134
Bidar,Bidar Women PS,17.85185,77.48301,134
Raichur,Yapaladinni PS,16.27653,77.49339,134
Ramanagara,Sathanoor PS,12.5425,77.3523,134
Mandya,K.M. Doddi PS,12.48124,77.03506,133
Chitradurga,Abbinahole PS,14.06853,76.61703,132
Chitradurga,Srirampura PS,13.49813,76.41953,132
Mysuru City,Saraswathipuram PS,12.30798,76.60779,132
Hassan,Arasikere Rural PS,13.31506,76.2756,131
Vijayanagara,Hosahalli PS,14.70602,76.44961,131
Bengaluru City,Shivajinagar PS,12.98397,77.60659,130
Mysuru City,CEN Crime PS Mysuru City,12.30707,76.66326,130
Dharwad,Dharwad CEN Crime PS,15.37988,75.10334,129
Ramanagara,Channapatna East PS,12.65514,77.21229,129
Vijayanagara,Kudligi PS,14.89815,76.37209,129
Ramanagara,Kodihalli PS,12.4215,77.51834,128
Udupi,Ajekar PS,13.31471,75.00636,128
Mandya,Malavalli Rural PS,12.39479,77.05338,127
Mangaluru City,E and N Crime PS Mangaluru City,12.87394,74.85332,127
Ramanagara,Ramanagara Rural PS,12.43279,77.2595,127
Chamarajanagar,Santemaralli PS,12.02672,76.97634,126
Chickballapura,Chikkaballapura Women PS,13.43963,77.72309,126
Chamarajanagar,M.M. Hills PS,12.04359,77.59302,125
Gadag,Gadag Traffic PS,15.43817,75.64,125
Kalaburagi,Yedrami PS,16.8399,76.53599,125
Ramanagara,M.K. Doddi PS,12.36155,75.92298,125
Mysuru City,Ashokpuram PS,12.28608,76.63321,124
Chikkamagaluru,Jayapura PS,13.37912,75.36151,122
Ballari,Ballari Women PS,15.15542,76.91527,121
Chitradurga,Chitradurga Extension PS,14.23995,76.4108,121
Mandya,Bindiganavile PS,12.91296,76.61507,121
Chitradurga,Thalak  PS,14.103,76.08235,120
Kalaburagi,Narona PS,17.48168,76.63969,120
Mandya,Bellur PS,12.97732,76.73247,119
Mandya,Kikkeri PS,12.57516,76.3142,118
Chitradurga,Chitradurga Traffic PS,14.02268,76.03994,117
Karnataka Railways,Arasikere Rly PS,13.34722,76.17466,117
Chitradurga,Chitradurga Town PS,14.22342,76.40157,116
Kalaburagi,Chincholi PS,17.46066,77.39355,114
Uttara Kannada,UK Women PS,14.84831,74.21811,114
Ballari,Kuduthini PS,15.22017,76.73217,112
Chitradurga,Chitrahalli Gate PS,14.06403,76.26807,112
Kalaburagi,Chittapura PS,17.11996,77.09936,112
Vijayanagara,Hospet Rural PS,15.28511,76.42931,112
Bengaluru City,Chikkajala Traffic PS,13.12235,77.46911,111
Kodagu,Madikeri Traffic  PS,12.41715,75.71314,111
Kolar,Rayalpad PS,13.48371,78.32583,111
Raichur,Netajinagar PS,16.19863,77.36449,111
Vijayanagara,Hagaribommanahalli PS,15.05604,76.21163,111
Bengaluru City,Ashoknagar Traffic PS,12.92908,77.6141,110
Chickballapura,Peresandra PS,13.54492,77.73729,109
Mandya,Mandya Women PS,12.53944,76.90455,109
Bagalkot,Bagalkot Women PS,16.16685,75.67419,108
Uttara Kannada,Mallapura PS,14.87855,74.31091,108
Vijayanagara,Chigateri PS,14.71775,76.0948,107
Chickballapura,Chelur PS,13.70874,78.06893,106
Vijayanagara,Mariyammanahalli PS,15.17865,76.35372,106
Kolar,Nangli PS,13.19921,78.4667,105
Mandya,Halagur PS,12.49187,77.08508,105
Chitradurga,Turuvanur (Jogi) PS,14.35057,76.40352,104
Hassan,Hallymysore PS,12.65057,76.26544,104
Ramanagara,Ramanagara Traffic PS,12.7408,77.28992,104
Shivamogga,Anandapura PS,14.08956,75.15942,102
Chitradurga,Imangala PS,14.10395,76.45231,101
Karnataka Railways,Gadag Rly PS,15.41005,75.85214,101
Ballari,Sandur PS,15.07785,76.51879,100
Ballari,Tekkalkota PS,15.5233,76.6687,98
Bengaluru City,Hulimavu Traffic PS,12.87176,77.61083,98
Kolar,Kolar Women PS,13.143,78.1526,98
Ballari,Gandhinagar PS,15.15656,76.91365,96
Hassan,Hassan Women PS,13.01352,76.14184,96
Hassan,Pension Mohalla PS,13.01641,76.12428,96
Mandya,Keragodu PS,12.60731,76.76894,96
Mysuru Dist,Mysuru Women PS,12.21174,76.09104,95
Hassan,Javagal PS,13.29824,76.07318,94
Ballari,Bellary Traffic PS,15.32786,76.73718,92
Karnataka Railways,Bengaluru Rural Rly PS,13.17869,77.42397,92
Ramanagara,Ijoor PS,12.72351,77.27484,92
Vijayanagara,Ittigi PS,14.94241,76.0549,92
Karnataka Railways,Vijayapura Rly PS,16.50307,75.77833,91
Mandya,Nagamangala Town PS,12.81347,76.74599,91
Kolar,Kolar CEN Crime PS,13.12117,78.10546,90
Mandya,K.R. Pet Town PS,12.67464,76.49066,90
Ramanagara,Kanakapura Rural PS,12.50307,77.41484,90
Kalaburagi,Mudhol PS,17.02243,77.39432,89
Kolar,Gulpet PS,13.13993,78.14247,89
Kalaburagi,Miryan PS,17.37497,77.47015,88
Mandya,K.R. Sagar PS,12.43238,76.57715,87
Mandya,Maddur Traffic PS,12.588,77.04355,87
Uttara Kannada,UK CEN Crime PS,14.74452,74.37135,87
Chamarajanagar,Mambali PS,12.12399,77.05297,86
Mandya,Mandya West PS,12.43918,76.86386,86
Mangaluru City,CEN Crime PS Mangaluru City,12.9193,74.85894,86
Mysuru Dist,Nanjanagudu Town PS,12.11892,76.32194,85
Mysuru Dist,Saragur PS,12.00989,76.39727,85
Bengaluru City,Mahadevapura Traffic PS,12.99113,77.69583,84
Mysuru Dist,Antharasanthe PS,12.05337,76.30653,83
Bagalkot,Bagalkot CEN Crime PS,16.22535,75.5516,81
Bengaluru City,Bellanduru Traffic PS,12.91576,77.6742,81
Hassan,Hirisave PS,12.94801,76.54158,81
Vijayanagara,Hampi Tourism PS,15.30985,76.44882,81
Vijayanagara,Chittavadagi PS,15.23733,76.34886,80
Bengaluru City,Jnanabharathi Traffic PS,12.95738,77.50063,76
Kalaburagi,Shahabad Town PS,17.13703,76.94162,76
Vijayanagara,Hospet Town PS,15.25394,76.36599,76
Bengaluru City,Hennur Traffic PS,13.0572,77.63902,75
Ballari,Choranuru PS,14.95819,76.51773,74
Karnataka Railways,Ballari Rly PS,15.17709,76.72809,74
Karnataka Railways,Bidar Rly PS,17.94978,77.39164,74
Bengaluru City,Cubbonpark Traffic PS,12.97523,77.59703,72
Shivamogga,Shivamogga CEN Crime PS,13.89052,75.57225,72
Hassan,Belur PS,13.14228,75.68305,71
Mandya,Melukote PS,12.64089,76.64284,71
Uttara Kannada,Kadra PS,14.90667,74.31662,71
Hassan,Yeslur PS,12.76294,75.81097,70
Ballari,P.D. Halli PS,15.1386,77.079,69
Ballari,APMC Yard PS,15.09802,76.92262,67
Kalaburagi,Malkhed PS,17.1862,77.17218,67
Yadgir,Narayanapura PS,16.31017,76.37435,67
Chikkamagaluru,Hariharapura PS,13.53877,75.27375,66
Mandya,Kesthur PS,12.69087,77.05047,66
Ballari,Hatcholli PS,15.75699,76.9876,63
Mandya,Kirugavalu PS,12.34954,76.93408,62
Mysuru Dist,Talakadu PS,12.19686,77.03064,62
K.G.F,Champion Reefs  PS,12.94373,78.26612,61
Mandya,Nagamangala Rural PS,12.76494,76.7506,61
Chamarajanagar,Chamrajanagar Women ps,11.94709,76.95746,60
Karnataka Railways,Byappanahalli Rly PS,13.01715,77.64908,60
Vijayanagara,Kamalapur PS,15.30905,76.48369,60
Raichur,Raichur CEN Crime PS,16.16485,77.15087,59
Kolar,Kolar Traffic PS,13.1261,78.0609,58
Gadag,Gadag Women PS,15.42516,75.62247,57
Mandya,Shivalli PS,12.58869,76.81721,57
Kalaburagi,Nimbarga PS,17.36094,76.52366,56
Chamarajanagar,Chamarajanagar CEN Crime PS,11.9256,76.93105,55
Karnataka Railways,Davanagere Rly PS,14.37262,76.01255,54
Ballari,Ballari CEN Crime PS,15.12536,76.68898,53
Mandya,Malavalli Town PS,12.22449,75.90674,53
Kalaburagi,Madanahipparga PS,17.47024,76.39664,52
Kalaburagi,Madbool PS,17.26962,77.02816,51
Hassan,Hassan CEN Crime PS,12.99386,76.17021,49
Vijayanagara,Hospet Traffic PS,15.26526,76.39576,49
Chitradurga,Chitradurga CEN Crime PS,14.17574,76.443,48
Mandya,Basaralu PS,12.7005,76.83615,48
Mandya,Belakavadi PS,12.26804,77.10408,48
Uttara Kannada,Ambikanagar  PS,15.14426,74.67236,48
Vijayapur,Alamatti PS,16.34272,75.89856,48
Haveri,Hulagur PS,15.07451,75.28283,47
K.G.F,Marikuppam  PS,12.91012,78.2824,47
Kolar,Gownapalli PS,13.47215,77.24696,47
Ramanagara,Ramanagara Town PS,12.721,77.28392,47
Bidar,Bidar CEN Crime PS,17.94386,77.40916,46
K.G.F,Kyasamballi PS,12.94725,78.36395,44
Vijayanagara,Gudekote PS,14.82023,76.59474,43
Bengaluru City,Chickpet PS,12.96113,77.57144,42
Raichur,Devadurga Traffic PS,16.4262,76.93131,40
Vijayanagara,T.B. Dam PS,15.26439,76.35689,40
Koppal,Koppal CEN Crime PS,15.44339,76.25815,38
Ramanagara,Kanakapura Traffic PS,12.55597,77.42101,37
Karnataka Railways,Bangarpet Rly PS,13.00021,78.14797,36
Bengaluru City,Cyber Crime Police Station,12.92889,77.57645,35
Karnataka Railways,Mangaluru Rly PS,12.85186,74.89175,34
Mandya,Besagaraghalli PS,12.62818,76.90287,34
Kalaburagi,Kalagi PS,17.38511,77.12853,33
Karnataka Railways,Shivamogga Rly PS,13.91925,75.57083,33
Ramanagara,Ramanagara CEN Crime PS,12.75734,77.34125,30
Vijayanagara,Hospet Extention PS,15.14853,76.36838,28
Bengaluru City,Victoria Hospital PS,12.96216,77.57353,27
Coastal Security Police,Coastal Security Police Mangaluru,12.62173,74.49747,27
Vijayanagara,T.B. Halli PS,15.11197,76.0964,26
Coastal Security Police,Coastal Security Police Karwar,14.80728,74.15219,25
Hubballi Dharwad City,E and N Crime PS HD city,15.37364,75.11074,25
Mandya,Mandya CEN Crime PS,12.51838,76.91047,25
Dakshina Kannada,DK CEN Crime PS,12.83922,75.00667,24
Kodagu,Kodagu CEN Crime PS,12.30091,75.52125,24
Kalaburagi,Kurakunta PS,17.19148,77.34585,19
Mandya,Koppa PS,12.755,76.94011,18
Kalaburagi,Kalaburagi Women PS,17.31819,76.83144,17
Kalaburagi,Kunchavaram PS,17.50338,77.37685,17
Bengaluru City,Chickabanavara Traffic PS,13.11699,77.50245,16
Chikkamagaluru,Kuduremukh PS,13.19131,75.26212,13
Belagavi Dist,Belagavi Women PS,15.66897,75.1448,12
Kalaburagi,Kalaburagi CEN Crime PS,17.31556,76.99548,12
Vijayanagara,Hampi Traffic PS,15.313,76.45282,11
Yadgir,Yadgiri CEN Crime PS,16.75331,77.06943,11
Coastal Security Police,Coastal Security Police Kumta,14.44078,74.30976,10
Shivamogga,Jog PS,14.21832,74.80162,9
Ballari,Gadiganur PS,15.176,76.59859,8
Mysuru Dist,Mysuru CEN Crime PS,12.28991,76.53119,7
Coastal Security Police,Coastal Security Police Hejamady,13.13885,74.75782,6
Coastal Security Police,Coastal Security Police Honnavar,14.24506,74.44661,4
Bengaluru City,West Women PS,12.66751,77.53575,3
Coastal Security Police,Coastal Security Police Belekeri,14.04275,74.01544,2
Coastal Security Police,Coastal Security Police Gangolli,13.78052,74.62931,2
Mysuru City,E and N Crime PS Mysuru City,12.30518,76.64787,2
CID,Cyber Crime Police Station CID,12.90937,77.63876,1
Coastal Security Police,Coastal Security Police Bhatkal,14.12762,74.48426,1
