population,literacy_pct,urban_pct,density,risk_band
2735196,86.7,40.5,246,High
4213570,72.6,45.6,477,High
6707403,87.2,95.0,3976,Critical
1712589,45,22.9,199,Low
1567176,52.7,19.1,330,Low
3226059,83.5,50.4,680,High
737120,84.2,8,211,Low
7750978,91.7,83.9,6379,Critical
1196638,77.1,29.9,392,Moderate
2086514,66.2,57.9,432,Critical
2038281,75.8,36.5,154,High
1946853,76.4,31.7,330,Moderate
3089999,75.3,60.5,767,High
2173356,72.6,50.6,502,High
1305647,75.3,25.4,167,Low
639220,84.4,38.6,236,High
3083199,77.0,41.6,420,Moderate
2266061,73.6,30.0,142,Moderate
1531435,76.6,28.0,455,Low
2050645,82.2,23.0,558,High
12657559,89.9,99,4769,Critical
4598767,74.6,24.3,641,Moderate
1541086,86.6,14.2,383,Moderate
1278959,57.1,26.2,126,Low
2139539,73.0,47.0,194,Moderate
1052469,88.6,27.3,224,Low
1375434,64.9,33.0,224,Moderate
2420399,67.3,22.2,412,Moderate
2461150,74.4,17.6,305,High
2601437,77.2,24.1,124,High
2108988,73.5,27.2,161,Low
534579,73.5,9.9,154,Low
14211331,91.9,80.9,2926,Critical
2046623,83.4,56.5,362,Moderate
1621327,84.0,36.7,538,Moderate
9635840,85.9,92.6,3896,Critical
1460948,76.6,30.7,356,Moderate
1408886,81.1,19.3,159,Low
2563678,82.6,25.2,231,High
1424468,55.8,22.7,222,Low
792175,63.7,47.8,202,Moderate
1002114,60.7,33.7,476,Moderate
2070588,63.0,38.0,150,Low
1776556,67.4,23.0,371,Moderate
1600919,71.0,16.9,164,Low
3414014,74.2,22.3,332,Moderate
3370875,54.1,52.0,370,High
2005139,79.6,23.9,407,Moderate
1218985,77.3,53.3,577,Critical
1747738,67.1,36.5,435,Low
1698956,71.0,55.1,574,High
2267138,67.1,41.6,312,Moderate
3374988,74.3,15.5,210,Moderate
1414368,73.7,47.8,357,Moderate
1885105,79.9,62.3,393,High
1840957,88.0,31.8,456,Moderate
1441952,83.8,54.3,541,Critical
1528454,78.0,42.8,255,Low
6475761,69.5,17.3,251,High
831445,74.6,20.2,317,Low
1243558,69.6,64.1,299,High
1177525,59.4,45.5,553,Moderate
14193352,99,93.6,4030,Critical
1333024,76.6,26.0,152,Moderate
1867180,62.7,18.7,517,Low
13097443,87.4,99,5306,Critical
1474164,83.3,34.6,116,Moderate
1311245,73.9,29.7,449,High
2973386,64.9,30.7,123,Moderate
748970,82.4,29.5,378,High
1532446,85.9,26.8,154,Low
1778790,71.2,32.6,168,Low
1110924,50.7,31.9,197,Low
1473116,79.0,33.7,238,High
5414930,73.5,15.7,261,Moderate
1922462,78.7,29.5,140,Moderate
1988466,68.6,26.7,337,Moderate
1175300,81.8,37.6,351,High
2642194,71.7,42.8,839,High
1277645,65.8,22.3,198,Low
1184814,76.8,39.6,391,High
1173258,73.9,16.9,449,Low
1475430,85.0,49.1,169,Low
2199784,75.8,15.0,564,Moderate
748595,76.5,22.4,326,Moderate
2294355,78.6,15.4,306,Low
1035413,77.3,34.9,394,Moderate
1615020,48.3,21.6,206,Low
2301108,90.6,59.1,352,High
2503763,65.5,8.0,161,Low
2092072,68.2,53.4,776,High
1316079,68.8,19.5,287,High
2365599,70.0,43.1,763,Low
747036,78.7,19.4,138,Low
1292956,77.8,12.0,226,Moderate
1318690,81.1,58.4,370,High
2164855,86.9,34.6,184,High
1493837,51.1,34.3,320,Moderate
1635096,70.1,28.6,351,Low
1162259,79.1,31.6,415,High
1546093,78.5,24.9,173,Low
985192,70.4,12.1,265,Moderate
2273977,60.7,32.2,232,Moderate
2464393,75.3,40.1,258,High
1394285,88.6,22.8,223,Low
1816020,66.1,32.5,276,Moderate
1106024,59.8,40.9,353,Low
2148593,73.8,25.6,143,Low
2090700,68.9,17.6,229,Low
1882118,69.3,37.1,425,Low
3138375,81.3,18.3,343,Low
897167,63.8,23.5,371,Moderate
2385517,76.1,32.8,355,High
2160583,64.5,33.3,526,Moderate
603767,68.5,22.4,526,Moderate
1206118,70.2,39.0,172,Moderate
2518090,75.5,48.9,315,Moderate
2163141,79.2,65.0,512,High
1471695,73.5,17.1,411,Low
2158775,61.5,11.9,310,Low
14942855,88.1,99,2805,Critical
3802811,74.9,9.4,328,Low
4412486,65.7,37.9,662,High
599827,68.2,34.0,333,High
2229737,83.1,37.9,421,High
3483701,57.0,25.7,361,Low
2345683,63.7,44.5,506,Low
2143607,72.5,12.1,489,Moderate
1782366,79.9,31.4,147,Moderate
2855889,70.3,21.2,153,Low
4916186,73.1,21.7,261,Low
1063224,83.9,33.1,635,High
2024739,80.7,31.9,164,Moderate
1252920,82.9,51.6,290,High
1926911,61.2,38.0,176,Low
1187503,75.8,43.5,673,Moderate
780159,83.3,34.7,776,High
1979839,62.8,34.9,301,Low
2106307,74.0,40.8,665,Critical
1334724,69.5,25.6,332,High
1185654,87.8,40.8,152,Moderate
2838164,76.1,38.5,145,Moderate
3344754,78.8,26.2,350,Moderate
1188701,82.7,28.3,96,Low
686731,72.9,30.4,247,Low
958594,59.8,41.0,199,Moderate
1876829,59.2,36.4,185,Low
773331,69.7,30.6,436,Low
2406842,85.9,13.0,314,Moderate
3515188,72.9,37.1,557,High
1641891,45,20.1,250,Low
2336430,77.7,58.2,520,High
2655486,56.5,22.3,339,Low
1501440,79.8,33.6,120,High
1677932,77.9,40.7,366,High
1396598,51.9,24.4,171,Low
1633196,73.1,15.5,145,Low
2020947,68.6,37.1,365,High
784434,83.5,13.4,136,Low
2222184,74.0,57.5,248,Moderate
1112480,70.6,38.7,392,Moderate
1311588,65.6,17.9,435,Low
3663499,63.5,28.4,314,High
1111681,45,13.5,271,Low
2962146,92.0,44.2,385,High
973697,73.3,12.6,256,High
6682340,77.3,94.2,2988,Critical
1758425,69.7,37.4,480,Moderate
11489849,82.1,94.5,3304,Critical
2116220,59.6,25.5,139,Low
2203739,83.8,19.9,451,High
699945,67.2,8.3,318,Low
2484157,84.5,57.7,447,Critical
1701237,93.1,74.8,393,High
2511303,63.5,9.0,538,Moderate
2301669,76.1,53.3,472,High
729899,63.8,24.5,268,Low
3792032,70.1,21.0,488,Low
3101848,56.3,15.9,252,Moderate
2888750,70.5,32.8,182,Moderate
996659,57.4,19.6,287,Low
1305856,92.8,51.9,362,High
3536763,60.5,31.6,240,Moderate
1125737,78.0,30.3,109,Low
1950592,74.0,8.8,411,Low
918494,61.5,20.6,426,Low
6849836,77.1,23.4,434,Moderate
6291590,66.1,29.6,425,Moderate
655643,70.4,8,191,Low
1199595,88.7,58.2,272,High
2130489,81.3,37.3,181,Moderate
3729735,57.2,36.6,206,Moderate
903759,68.0,14.7,710,Low
2080522,81.2,42.1,422,Moderate
1008707,86.2,31.7,168,Low
14231065,87.3,99,6086,Critical
1453835,88.2,40.6,738,Critical
4044805,65.6,41.6,824,High
1865221,67.8,8,229,Low
1849851,55.3,13.1,401,Low
1547345,69.8,8,237,Low
1651130,82.4,14.4,562,Low
2219461,80.8,62.1,224,High
2649845,74.2,25.1,196,Low
4385871,76.6,34.1,602,Moderate
1766353,66.1,66.6,454,High
1844464,68.8,36.3,291,Low
779982,82.9,61.0,528,Critical
3385671,68.4,23.6,800,High
3211636,71.0,32.5,351,High
3031607,78.8,17.1,193,Low
1884357,65.8,48.8,399,Moderate
1310194,67.8,27.8,328,Low
1276314,74.0,35.0,290,Low
947359,86.1,32.4,373,Moderate
1418926,66.9,15.8,442,Low
5879736,75.6,31.7,407,High
2681784,60.6,28.6,294,Low
757705,75.5,8,164,Low
2771835,71.1,8,403,Low
1457848,75.8,36.5,247,Low
2827581,78.2,30.6,301,High
1875250,84.6,32.4,464,Moderate
2860289,91.6,39.9,770,High
2152952,75.8,31.5,445,Moderate
2099553,79.5,8,252,Moderate
1255445,69.9,52.8,378,Moderate
3490677,68.3,33.1,270,Moderate
2938791,72.4,51.0,470,High
663371,61.3,23.9,438,Low
1859291,54.4,25.3,135,Low
2342866,70.6,57.5,218,High
7355822,74.1,23.3,624,High
2089268,89.8,40.9,541,High
1955811,81.7,52.6,245,Moderate
470466,86.7,15.5,167,Moderate
999553,80.3,22.9,232,Low
2148797,69.2,57.3,230,High
1798772,78.6,32.6,424,Low
2823614,76.2,18.8,413,Moderate
1335852,68.1,17.3,478,Low
1548121,67.7,40.0,322,Low
1732921,81.5,24.8,249,Low
1509573,68.6,13.5,360,Low
1909482,71.7,27.1,152,Low
798433,76.7,17.8,524,Low
1545983,67.7,12.2,189,Low
2070994,65.1,27.3,509,Moderate
1862487,77.6,26.7,316,High
4888769,73.1,30.5,558,Moderate
1916316,80.2,38.6,293,Low
2580880,84.1,25.9,173,Low
2826872,70.1,14.9,124,Low
2173745,79.9,43.7,584,High
1822312,89.0,37.4,455,High
789707,81.5,44.3,109,High
7127525,78.6,38.4,323,High
999414,71.4,33.0,365,High
1494222,85.8,28.0,252,Moderate
2244014,84.2,37.5,714,High
1528628,59.4,21.2,309,Low
2341849,92.5,48.6,679,Moderate
1308261,86.0,51.4,422,High
2660354,77.2,20.3,425,Low
2138056,79.2,37.3,702,Moderate
1114102,62.7,17.6,287,Low
1607146,66.5,19.2,166,Moderate
1348211,70.5,27.8,303,Moderate
4288251,74.1,44.1,460,High
3227335,62.6,30.8,227,Low
3041461,77.5,28.4,398,Moderate
2905053,58.0,39.5,551,Moderate
2825528,89.9,30.6,304,Low
2840967,66.3,32.0,192,High
3237907,78.2,24.2,439,Moderate
1491331,67.7,8,141,Low
5252212,71.9,33.3,269,Low
1303963,77.2,8,95,Low
1471393,83.7,25.0,80,Moderate
1725164,71.3,70.5,392,Moderate
1581648,75.3,17.4,508,High
2626237,77.2,27.4,212,Low
3553228,69.1,25.9,623,Moderate
2832835,74.1,36.4,227,Moderate
4446331,68.9,21.7,319,Moderate
3636150,70.3,34.9,355,Moderate
1776103,66.5,16.7,297,Low
2374901,75.0,60.5,235,Critical
2295585,88.4,54.2,276,Moderate
2149226,58.6,24.9,159,Low
2219946,76.1,39.8,299,Moderate
1560842,78.4,9.8,260,Low
2809700,66.3,35.6,381,Low
4455836,77.9,32.4,373,Moderate
2093642,65.2,18.0,380,Low
1370805,81.7,59.0,461,Critical
1441160,58.1,13.6,360,Low
2269913,75.1,47.1,156,Low
1503895,84.9,20.9,139,Low
3699431,79.7,33.3,237,Moderate
2512999,74.4,32.5,283,High
12324496,82.4,89.1,5948,Critical
4431966,83.7,54.5,569,Critical
1119600,58.6,27.5,497,Low
1919423,47.8,38.7,279,Low
2997083,75.5,25.1,575,High
2358605,64.4,24.2,248,Low
1579094,89.6,56.8,485,High
1141810,77.0,56.8,263,High
2079912,76.0,61.2,359,High
824802,90.2,31.0,148,Moderate
1456917,66.9,52.0,637,Low
2523280,84.9,37.5,239,High
1911750,66.8,37.9,215,Low
4423828,77.3,19.6,447,High
1110409,81.8,56.3,728,High
2064591,75.5,20.3,199,Low
2260666,78.3,41.9,355,Moderate
2182879,79.4,18.4,401,Moderate
1754141,75.9,26.7,359,Moderate
2737922,83.6,46.3,399,High
769516,79.0,36.0,366,Moderate
1133707,86.9,31.6,304,Moderate
683315,65.9,23.5,402,Low
1555257,69.1,15.6,486,Moderate
2394412,78.2,23.5,365,Low
1853598,65.4,11.4,353,Low
1778619,71.1,43.2,129,Low
1191315,61.7,68.7,444,High
970509,81.3,54.5,534,High
980337,67.1,11.6,544,Low
1086768,78.6,20.9,273,Moderate
1207683,67.9,31.9,274,Moderate
3677099,59.9,37.5,505,High
1138179,67.3,31.0,737,Moderate
1545621,68.8,28.3,207,Low
13681579,88.2,83.4,7144,Critical
1249870,57.4,30.3,231,Low
2245084,83.8,13.7,473,Moderate
3012503,91.7,37.7,231,High
1487836,57.4,19.9,167,Low
736770,68.1,41.6,489,Low
2394106,81.0,29.9,367,Moderate
2083082,70.4,13.3,423,Low
1359272,60.2,42.1,155,Moderate
1426616,74.4,23.0,586,Moderate
810510,72.1,8,121,Low
1710045,75.3,21.3,188,Low
1189534,92.7,43.6,108,Moderate
1488978,47.9,17.3,147,Low
3172780,85.8,39.0,664,High
414772,74.6,23.6,183,Moderate
1250516,80.1,52.4,586,Moderate
2509145,63.3,10.8,435,Low
3382506,76.4,48.2,526,Moderate
1550996,54.3,25.7,115,Low
4658884,79.7,55.8,541,High
964449,81.5,12.0,337,Low
692536,85.9,21.8,375,Moderate
1704173,76.6,67.4,251,High
2287097,78.0,22.6,247,Low
882995,70.6,32.0,237,Low
1800397,71.2,62.0,336,Moderate
3202503,94.1,38.3,478,Moderate
8101510,84.8,79.6,7067,Critical
1943984,82.2,48.8,773,High
951364,70.5,14.6,226,Low
1430970,77.3,34.1,514,Low
751033,71.0,30.4,496,Critical
2715435,72.3,39.2,627,Moderate
1452028,67.3,34.6,148,Low
1007005,75.9,31.8,229,Low
2108684,64.8,38.6,382,Low
2214170,78.4,28.0,80,Moderate
1497886,66.7,21.8,365,Low
1406137,89.0,19.3,248,Low
1085565,59.6,9.5,264,Low
2204004,76.7,15.1,547,High
891295,81.6,42.9,212,Moderate
709665,89.9,17.5,176,Low
1306851,66.8,26.4,445,Low
2490970,71.8,18.5,203,Low
1585155,72.9,30.1,328,Low
5652296,74.8,32.8,462,High
1198763,47.5,12.4,130,Low
1505332,82.6,58.1,365,High
2923563,58.9,18.3,342,Low
921802,75.0,16.6,431,Low
2234134,72.2,42.2,580,High
891457,59.9,26.6,355,Moderate
2052132,68.1,16.4,632,Moderate
1155506,72.2,18.0,414,Low
4720909,71.0,31.5,594,Moderate
9664100,99,88.1,3840,Critical
1743442,69.4,36.2,182,Low
891665,77.1,29.2,419,Moderate
884925,63.5,36.0,227,Low
702942,99,21.7,319,Low
6878843,72.3,10.9,277,Low
4042433,66.4,39.5,251,Moderate
4242997,63.2,38.5,696,Moderate
3812782,73.4,50.0,466,Critical
1710122,73.8,15.9,394,Moderate
705128,69.0,30.3,314,Moderate
1796950,77.4,39.6,450,High
978913,83.9,15.9,102,Low
3496042,83.1,15.4,300,Moderate
2303451,73.7,8,227,Low
1479773,76.8,25.8,205,Low
785621,69.2,9.6,228,Low
2216207,64.1,20.4,162,Low
7417854,62.9,32.7,401,Moderate
811090,52.8,27.6,142,Low
1834023,56.7,14.3,200,Low
1731687,76.0,20.8,464,Low
4018541,80.8,17.0,315,Moderate
1867116,69.4,25.4,175,Low
1036828,73.3,16.0,146,Low
4540113,70.4,45.7,674,High
1423034,52.3,34.1,339,Low
817762,72.3,17.9,559,Low
902031,59.1,8,360,Low
4125655,77.1,25.1,340,Moderate
1973178,78.9,15.2,317,Low
2561641,88.3,34.3,617,Low
647321,80.5,33.0,476,Moderate
1483613,64.6,15.3,571,Low
1739148,62.1,32.5,336,Moderate
2005332,67.0,24.9,278,Moderate
1124439,96.9,44.0,268,Critical
484957,76.2,8,130,Low
5702774,73.8,38.1,576,Critical
645556,68.5,43.7,666,Moderate
11547545,84.4,90.6,7150,Critical
3080441,71.4,35.6,204,High
1725144,78.3,21.3,161,Moderate
6498627,81.7,28.1,283,High
1414060,71.9,51.5,158,Moderate
1886877,55.9,28.5,370,Low
1345222,67.1,25.5,400,Low
4080876,74.2,42.3,437,High
3861341,66.1,31.9,640,Moderate
2000634,80.8,32.1,450,Moderate
1568634,67.8,39.1,251,Moderate
508422,86.5,17.9,139,Low
1643847,70.8,58.4,376,High
2053881,62.0,32.6,286,Moderate
2318331,62.4,13.4,209,Low
3876228,69.0,53.4,130,Moderate
1454395,69.4,27.8,379,Low
1137076,80.1,17.4,455,Low
2680575,84.3,24.7,421,High
1415107,75.1,53.0,380,Moderate
733110,60.4,20.8,296,Low
1202420,82.2,18.2,206,Low
1694033,90.2,29.5,90,Low
3085426,58.8,21.0,236,Moderate
1195071,72.2,20.8,192,Low
2055372,86.2,58.9,688,High
1662929,74.8,37.9,343,Low
1006066,59.9,9.3,122,Low
3938158,81.6,37.4,443,Moderate
4151576,81.4,22.8,167,Low
939988,57.2,18.5,318,Low
1848028,71.6,39.0,435,Moderate
2338251,56.9,26.5,147,High
952965,73.5,44.6,629,High
1617632,73.8,27.5,185,Low
1137665,69.5,8,331,Low
1167893,59.5,27.2,282,Low
2417971,66.8,29.5,309,Low
2408347,88.8,30.1,221,Low
1392948,67.9,28.1,183,Low
2472815,69.9,64.6,535,High
2905320,64.4,30.4,335,Moderate
1161358,77.3,66.4,264,High
1958139,77.4,17.1,440,Low
1138541,97.8,17.7,360,Low
1489074,76.8,29.2,792,Low
1725863,73.8,53.9,607,Low
4044200,80.8,14.8,524,Moderate
1470471,83.0,32.6,778,Moderate
1680720,77.1,54.6,401,High
1864422,66.3,12.0,516,Low
1684151,96.7,30.5,253,Moderate
3731324,76.1,25.8,306,Low
903249,77.6,16.3,311,Low
1879816,71.5,43.8,241,Moderate
1601177,92.6,22.8,275,Low
4257870,75.9,8,581,Low
1686586,64.4,18.6,364,Low
2292641,66.9,23.4,272,Moderate
1651298,69.3,38.5,167,Low
2306883,86.1,62.3,503,High
583394,76.3,45.5,481,Low
2189918,90.3,53.0,556,High
1733314,82.6,15.0,134,Moderate
2318969,72.7,33.7,547,Moderate
1472911,89.2,26.8,114,Moderate
1572568,72.5,25.0,401,Low
1201543,83.9,24.4,366,Low
688374,85.1,28.0,168,Moderate
2331560,80.0,30.4,308,Moderate
2211243,74.6,59.5,211,Moderate
1656704,63.6,30.9,500,Moderate
1778582,74.2,18.4,449,Moderate
4128883,76.5,37.2,252,High
1451094,64.4,35.4,261,Low
2989360,82.7,53.1,269,Moderate
3657814,63.4,24.7,213,Moderate
1802722,93.8,64.0,577,Critical
12961323,96.7,76.9,4649,Critical
1660133,83.9,41.1,234,Low
1985262,68.3,31.5,164,Moderate
719369,72.1,28.6,260,Low
1368364,91.2,48.6,646,High
1899090,81.2,26.4,426,Low
3600779,62.6,29.3,261,Moderate
1831792,81.6,33.2,127,Moderate
1490418,77.4,42.5,256,Moderate
4675469,71.6,19.6,325,Moderate
2104141,83.0,50.8,307,High
2237093,97.0,38.7,279,High
801899,76.8,27.8,448,Moderate
1372042,64.3,23.3,255,Low
1566939,76.7,48.2,391,Moderate
1281578,72.4,8,213,Low
1734645,55.8,8.3,446,Low
2148749,71.4,63.8,371,Moderate
1589570,75.1,28.5,321,Low
2434954,86.3,21.5,213,Low
4618080,70.3,19.8,511,Low
2589833,70.4,33.1,326,High
2604314,72.2,30.2,284,Moderate
558388,91.7,14.5,144,Low
1396054,78.5,28.7,283,Low
3085975,88.1,34.7,767,High
2350546,59.9,41.4,525,Moderate
919794,91.6,22.7,170,Moderate
1965502,80.7,51.5,770,High
1840345,73.1,28.4,199,Low
748357,63.5,35.9,283,Moderate
1669153,78.3,27.0,296,Moderate
1405182,51.4,8.8,238,Low
1445482,47.1,14.0,191,Low
4230639,67.6,37.4,835,Moderate
1615235,80.5,21.3,268,Low
2391318,77.0,17.5,377,Moderate
966910,86.6,45.4,230,Low
1618520,52.3,12.1,298,Low
1331451,84.2,35.7,123,Moderate
1536353,69.7,20.7,448,Low
1872949,77.5,34.2,146,Low
2835201,76.2,38.1,524,High
4887428,65.3,33.7,230,Moderate
1499798,78.6,30.9,160,Low
1975051,59.6,20.3,333,Low
1686074,79.2,36.4,357,High
2217500,60.6,35.1,807,Moderate
1136656,58.1,14.6,271,Low
783012,73.4,24.4,367,Low
524316,84.4,8,185,Low
1460643,68.3,24.4,176,Low
2248817,91.2,62.1,431,Moderate
1470550,61.9,23.0,291,Moderate
3346710,66.7,13.8,141,Low
1811889,80.7,35.5,446,High
1758005,87.0,35.1,241,Moderate
1188891,55.9,21.1,253,Low
1024058,67.7,26.0,115,Low
1715679,59.3,27.3,427,High
695599,67.7,28.8,242,Low
595482,54.0,8.6,178,Low
775251,76.5,19.4,202,Low
1791191,76.4,16.1,336,Low
1094380,92.5,40.2,252,High
3848100,58.2,32.6,147,Low
950896,78.4,38.9,645,High
1539604,78.4,31.3,351,Moderate
1365219,80.1,36.4,471,Moderate
2975788,71.1,28.8,471,Low
970027,58.5,27.3,240,Low
1538592,89.6,25.0,156,Low
12949670,88.6,99,4026,Critical
1653022,85.8,8.5,89,Low
2248176,97.4,56.0,720,High
1264662,78.9,32.6,136,Moderate
2327554,75.5,58.8,441,Critical
1552099,74.0,23.6,667,Moderate
1125188,73.7,39.8,302,Moderate
860395,66.8,25.0,163,Low
2979299,92.1,54.7,818,High
1690669,57.4,43.2,257,Moderate
1019740,74.3,14.9,233,Low
1418529,75.2,30.3,206,Moderate
1923438,86.7,32.7,175,Moderate
2144948,78.2,18.7,262,Low
3021526,55.7,9.5,331,Low
3621707,79.7,16.6,373,Low
1955806,66.0,24.6,160,Moderate
7217207,78.3,27.1,472,High
1037275,60.0,17.8,267,Low
1339611,64.4,15.9,230,Low
1032669,61.4,33.8,258,Low
903486,63.7,18.1,186,Low
1066978,72.5,25.4,232,Moderate
1149657,59.8,18.3,394,Low
1900655,67.7,23.9,402,Low
1616763,83.3,24.4,189,Moderate
1803477,72.8,8,288,High
1700934,78.2,29.4,199,High
2505628,71.5,25.7,350,Low
870980,64.9,8,175,Low
1064343,46.5,9.8,396,Low
746438,79.2,33.3,120,Moderate
1498298,81.3,25.8,205,Moderate
1141196,72.3,11.2,533,Low
1315903,86.8,19.9,238,Low
680451,75.9,10.5,178,Low
2432934,73.1,33.3,428,Moderate
2524887,67.9,16.6,328,Low
1651847,79.2,27.4,485,Moderate
1392329,83.3,22.7,230,High
1094108,78.3,32.1,460,Moderate
2852072,69.9,53.7,654,Moderate
829287,78.0,43.7,385,Low
1493637,70.2,8,224,Moderate
1706125,45,8,265,Low
1817957,96.6,56.6,593,High
6000507,71.4,28.8,586,High
1615886,74.7,32.6,247,High
983584,70.0,11.2,143,Low
1739602,70.0,20.5,247,Low
1916393,72.3,40.0,801,High
1199405,78.9,37.7,438,Low
629055,85.7,9.6,104,Low
4057408,76.7,31.3,212,Low
1056027,76.8,55.3,308,High
2437963,66.6,64.4,417,High
2747786,53.5,13.2,406,Low
1373458,76.1,63.1,336,High
1533645,75.9,11.8,115,Low
1341376,67.0,13.9,506,Low
7223808,72.6,29.0,289,High
1349035,61.0,37.3,206,Low
3879448,69.8,35.7,442,Low
1863715,89.8,23.9,100,Moderate
5452164,86.7,91.2,3778,Critical
2930728,57.8,18.3,214,Low
3697044,78.2,41.4,370,High
895151,86.2,38.5,240,Moderate
731756,79.0,43.9,429,High
1870310,49.5,23.2,153,Low
3916342,82.7,20.9,205,Moderate
3017986,78.3,37.3,724,Moderate
1817735,77.0,60.0,305,High
2712597,78.6,70.3,725,High
2598837,68.8,11.8,149,Low
2959657,68.1,22.7,366,Moderate
2257135,80.7,17.1,275,Moderate
1018124,88.7,59.8,289,High
674057,68.3,18.4,297,Low
4741591,75.4,38.7,622,High
936836,81.9,39.3,262,Moderate
3218821,66.8,26.9,390,Low
3168039,69.0,39.2,449,Moderate
1979575,84.6,38.5,160,Low
1564408,53.9,21.5,130,Low
1421352,64.1,36.7,473,Moderate
1155246,80.4,30.1,305,Moderate
521739,90.9,15.4,215,Moderate
1620208,72.6,22.1,396,Low
2028866,91.1,37.1,146,High
1868917,69.0,15.4,267,Low
1335532,57.3,27.2,178,Low
2185920,74.1,62.4,232,Moderate
866410,84.2,36.6,273,Moderate
1025813,74.5,17.8,280,Moderate
1443962,78.6,23.7,214,Moderate
1784987,90.0,43.3,725,Low
1109080,71.8,13.6,190,Low
1291812,79.4,32.2,216,Low
3608848,67.5,17.4,190,Low
1174225,63.9,21.4,266,Low
1717737,72.8,21.2,354,Low
3089786,77.0,32.3,308,Moderate
10582629,99,90.0,7302,Critical
1120892,61.0,17.9,158,Low
1613836,70.0,16.2,537,Moderate
1803314,74.1,37.8,601,High
6686142,76.9,31.5,262,High
5421972,80.5,9.5,454,Low
1749255,76.5,13.4,180,Moderate
1598399,66.2,42.5,833,High
1239316,64.1,29.4,294,Low
3228847,82.9,59.0,365,High
1247665,84.9,42.8,104,Critical
1938013,59.6,31.2,229,Low
1785535,72.4,30.2,193,Low
1034844,58.3,40.4,168,Low
2171930,80.1,48.5,273,High
982178,70.8,32.9,700,Moderate
1796463,71.7,30.4,360,Low
2541654,86.0,66.7,762,Critical
11342146,90.4,90.6,4759,Critical
3113359,76.1,22.1,113,Low
1793806,59.3,8,233,Low
1064361,70.0,34.8,447,High
1383863,87.9,30.8,495,Moderate
1774083,74.8,38.4,356,Moderate
1160715,80.3,31.0,350,Moderate
1334157,74.8,15.8,193,Low
1341479,69.8,34.9,330,Low
974511,83.5,18.8,382,Low
921428,86.1,28.5,372,Moderate
9172569,92.9,99,3360,Critical
1177549,88.7,57.7,265,High
2731252,69.4,18.8,152,Low
694300,64.7,26.1,267,Low
2995008,99,42.7,723,High
1757054,78.6,30.1,226,Moderate
1068419,61.2,12.6,328,Low
1126942,86.0,46.2,538,High
2357521,90.0,52.8,463,High
6253481,85.2,29.9,452,High
3047845,76.6,22.8,250,Moderate
1989397,57.2,35.6,275,Moderate
5218022,70.2,31.3,194,Moderate
1134137,65.5,26.8,296,Low
1277012,84.4,26.4,273,Moderate
1214697,86.9,8.1,147,High
1127699,68.9,27.4,415,High
3614828,63.5,35.1,335,Low
1831734,75.6,17.2,392,Low
1065740,68.2,22.7,417,Low
1611509,75.8,20.2,485,Low
1014122,77.0,8,465,Low
1688106,53.9,33.7,199,Low
3213152,76.5,19.4,302,Moderate
1135319,70.5,27.9,245,Low
1722989,68.2,19.4,227,Moderate
2016286,90.3,45.0,565,Moderate
1103777,84.4,19.0,180,High
1216134,73.5,32.5,478,Low
1347728,61.0,39.6,174,Moderate
1599368,55.2,39.0,231,High
9654135,93.4,99,4041,Critical
1711597,69.6,13.4,306,Low
727060,56.9,12.4,191,Low
2146853,83.7,14.5,158,Low
2209363,91.3,58.9,533,Critical
894628,65.1,15.3,266,Low
1233119,58.2,8.6,140,Low
1745850,85.3,40.3,216,High
2783053,52.1,30.9,212,Low
1296142,81.2,27.5,145,Moderate
1534419,76.9,37.6,139,Critical
2257291,85.6,31.4,734,High
3029089,64.1,17.7,182,Low
2144341,86.9,29.4,237,Moderate
1017044,45,20.4,145,Low
666409,77.2,11.0,129,Low
2390723,80.0,60.0,347,High
1414816,83.2,46.9,167,High
1423350,77.2,32.1,196,Low
2279999,78.8,31.3,324,Low
2071974,65.1,27.1,247,Low
954071,71.3,30.9,627,Moderate
2425402,59.9,22.7,376,Low
1576090,69.3,24.9,496,Low
1277408,84.0,61.5,489,High
3119860,81.9,43.6,793,High
2976232,60.2,29.2,558,Low
1390848,74.5,12.9,389,Moderate
1113461,73.6,52.2,679,Moderate
2054961,72.4,36.0,477,Low
805905,45,17.6,303,Low
759865,65.2,13.3,172,Low
870770,70.0,23.8,329,High
296477,85.1,29.3,142,High
1493372,84.6,8,205,Low
1502915,55.5,32.3,419,Low
631321,70.8,34.5,632,Low
1681754,72.3,56.2,166,Moderate
621220,81.3,8,213,Low
2865551,82.8,50.6,776,High
2366961,72.2,34.0,289,Moderate
2181670,78.8,49.6,277,High
1725447,54.6,20.7,322,Moderate
4199510,76.9,28.0,502,Low
3436787,75.5,12.0,453,Moderate
2562753,84.4,49.1,691,Moderate
4756740,65.0,32.8,794,Low
1298870,78.4,25.2,203,Low
1954180,94.7,46.7,518,High
1607457,67.6,12.5,240,Low
1566705,77.0,22.2,584,Moderate
877434,51.1,15.5,178,Moderate
1050929,84.5,26.8,455,Moderate
1661343,78.7,50.3,145,High
2018157,69.8,8,146,Low
3625202,70.5,38.7,520,High
2326504,73.4,13.5,179,Low
1630622,72.0,13.8,492,Low
1497588,81.9,22.8,258,Moderate
2253979,60.0,28.6,579,Moderate
1032171,75.4,40.1,603,Moderate
1881351,77.9,37.6,239,Moderate
1674000,73.1,22.6,244,Low
2514800,69.3,40.5,250,Moderate
3224516,96.5,50.1,736,Critical
1559430,73.5,32.9,665,High
2433112,65.1,40.2,425,Moderate
723132,70.3,15.4,104,Low
1471031,75.7,32.0,347,Moderate
2104927,76.5,19.9,314,Low
595419,80.2,43.2,362,High
904886,79.9,26.8,293,Low
1250030,80.5,8,326,Moderate
3483250,76.0,23.2,413,High
1392570,77.9,53.5,301,Low
2410147,62.2,21.4,157,Low
1539923,89.1,54.0,610,Moderate
1470288,75.3,14.2,277,Low
1363935,77.3,34.2,421,High
1362594,66.2,22.5,287,Low
2392907,82.8,50.7,506,Critical
2557576,94.7,30.0,733,Moderate
400235,89.9,8,177,Low
2659302,89.5,53.5,505,Critical
2778543,61.9,21.4,197,Low
1225891,75.6,20.2,295,High
3852844,70.9,31.2,137,Low
1109875,82.9,61.0,650,Moderate
2941636,74.8,21.9,257,Low
3039561,83.8,49.6,399,Critical
3062205,75.0,14.6,372,Low
2601344,70.1,27.2,453,Moderate
2098280,87.6,35.6,312,Moderate
6324847,77.1,8,431,Low
2955190,73.4,41.9,626,Moderate
3392987,78.8,43.5,278,High
1597488,74.1,34.7,362,Moderate
3888631,79.4,18.8,414,Moderate
2135526,69.6,30.1,208,Low
2072338,71.0,36.6,348,Low
1792446,72.6,20.6,240,Low
1870579,78.7,15.1,439,Low
1371237,91.9,23.1,398,Moderate
1289937,71.5,16.2,326,Moderate
3454040,63.7,20.1,299,Low
2569566,74.5,22.7,470,Low
1203358,76.6,31.3,306,Moderate
714489,87.6,32.0,395,Moderate
3106250,70.7,31.0,334,Low
1459761,80.3,37.0,723,Moderate
2656054,77.9,8,314,Low
1742458,76.0,31.7,307,Low
1395662,77.8,44.3,304,Moderate
562726,76.8,30.3,779,Moderate
3816678,73.6,21.9,409,Low
1698636,77.0,41.5,341,Critical
2110524,69.4,70.0,514,High
1646442,77.1,32.2,351,Low
962929,45.9,23.4,331,Low
1746217,73.3,27.7,211,Moderate
943251,71.9,40.1,522,Low
2770438,70.3,19.0,263,Moderate
1475833,69.1,50.8,255,Low
3381250,71.2,35.4,697,High
895585,63.9,30.0,233,Low
2352376,82.9,53.3,495,Moderate
1485286,67.9,23.3,212,Moderate
1998269,66.6,8,497,Low
2835461,80.4,68.3,399,High
2899683,58.3,23.1,308,Low
1715545,81.4,46.4,466,High
1228897,69.4,27.3,275,Low
2007168,73.2,37.2,314,Low
2588242,75.4,28.8,604,Moderate
1738774,83.3,42.3,322,Low
2177914,74.3,45.4,437,Moderate
994052,76.4,29.7,314,Low
757051,46.6,17.8,259,Low
2352418,78.3,25.5,474,Moderate
2103059,90.8,70.0,312,High
3924952,71.5,8,294,Low
1005587,68.8,26.4,360,Low
1381415,77.6,15.7,203,Low
1867644,70.4,50.9,452,Low
4143805,80.0,8,332,Low
2164246,72.2,8.2,251,Low
1624948,66.5,31.5,408,Low
430488,77.3,9.4,213,Moderate
1561280,77.0,8,267,Low
1219389,72.5,42.3,278,High
2967778,65.5,33.7,125,Low
1641578,67.3,23.2,123,Low
1608283,83.5,32.1,305,Low
511180,74.6,24.2,249,Moderate
1151024,73.9,42.2,460,Moderate
2913515,50.9,29.7,128,Low
1843580,58.0,9.5,184,Low
1164488,76.0,27.2,301,Moderate
1958514,78.2,27.2,350,Low
1750752,74.4,69.8,238,High
309590,87.2,15.2,143,Low
2529277,79.7,13.9,446,Moderate
3226476,80.6,57.2,585,High
3708139,60.7,35.3,279,Moderate
1606965,65.7,23.8,292,Low
1763771,78.7,21.5,379,Low
1333207,68.3,32.2,612,Moderate
2108468,71.9,31.0,383,Moderate
2305444,65.4,49.2,165,High
1142387,83.5,30.6,80,Moderate
2490280,53.6,23.4,250,Moderate
1971755,76.1,57.8,219,Moderate
1410727,71.8,8,405,Low
3260333,65.3,38.0,606,Moderate
1860392,71.0,21.6,216,Low
714774,76.7,14.7,186,Low
2648453,67.3,16.1,192,Moderate
1293400,68.3,41.3,335,Low
560104,84.5,8,85,Low
3055590,89.7,50.4,675,Moderate
3566901,67.9,21.7,351,High
2070781,65.3,19.0,293,Low
1328331,73.9,28.1,269,Low
1613357,71.9,18.0,156,Moderate
2664596,77.7,26.1,303,Moderate
1043879,86.6,25.7,124,Moderate
3819529,65.2,8,533,Low
997058,63.9,14.4,169,Low
1329280,76.6,43.2,251,Low
1902612,68.6,37.3,165,Moderate
2158875,71.6,29.4,212,Low
773452,87.1,29.1,298,Moderate
728635,61.9,8,182,Low
2582015,65.4,34.9,240,Moderate
4405852,76.3,19.7,611,High
1486302,62.9,29.9,257,Low
14110571,83.6,83.7,6048,Critical
1878464,81.8,31.0,360,Moderate
1601281,65.4,30.8,132,Low
881736,80.0,19.0,229,Low
1520989,67.2,30.9,177,Low
636478,82.0,10.5,212,Low
7263978,74.9,16.6,506,Moderate
3195753,80.1,30.5,430,Moderate
1900869,69.9,28.8,271,Moderate
1199820,70.1,32.8,367,Low
725817,49.2,26.7,115,Low
1986764,73.8,12.0,440,Low
1447313,84.8,26.0,546,Moderate
3035820,73.9,30.9,195,Low
1037570,78.9,35.4,154,High
6150091,85.5,94.9,4467,Critical
1567270,78.9,31.3,691,Low
1393333,59.8,17.6,273,Low
385376,84.2,17.4,212,Low
1522863,79.6,22.8,789,Moderate
2713085,60.4,33.4,119,Moderate
4062007,73.5,9.4,355,Moderate
641449,58.5,24.2,106,Moderate
1659567,70.3,13.2,553,Low
1250930,68.3,10.8,489,Low
2883930,80.2,35.0,267,Low
2309543,76.1,8,563,Moderate
1470286,72.2,16.2,134,Low
960655,61.5,12.7,215,Low
2021494,86.6,30.8,190,Moderate
885592,91.7,30.0,83,Moderate
3026371,71.6,10.4,142,Low
2316501,80.1,36.2,329,High
1999535,79.1,41.1,557,High
2855269,65.1,45.9,388,Low
732485,77.0,22.9,165,Low
1154247,71.0,11.2,397,Low
1065630,72.6,34.9,303,Low
1426296,84.7,28.4,209,Low
1485598,60.5,19.0,187,Low
1082366,64.4,28.1,161,Moderate
1893979,84.0,21.3,272,Low
14354082,89.6,87.3,2637,Critical
1372773,67.4,39.6,209,Low
1156775,63.7,23.1,188,Low
1984192,68.8,8,267,Low
2390892,63.5,34.9,123,Low
2072960,63.7,28.9,217,Moderate
1354678,70.4,8.3,225,Low
743642,80.7,33.4,772,Critical
1958595,95.2,56.8,423,High
1389660,73.9,27.5,483,Moderate
1486090,62.1,25.0,174,Moderate
2157798,75.0,27.6,416,Moderate
1453196,73.2,30.9,396,Moderate
2459827,67.7,22.0,417,Low
1086045,71.2,32.4,471,Moderate
2208504,59.1,38.9,336,Moderate
873960,75.0,9.7,226,High
853714,71.9,26.3,394,Low
2692247,61.6,24.4,225,Moderate
591082,77.1,44.3,350,Moderate
2317662,61.0,28.9,282,Moderate
2544378,70.9,25.1,189,Low
2139462,80.8,30.5,194,Moderate
879867,82.2,27.5,346,Low
1013582,72.7,19.8,372,Low
1420790,66.7,17.6,389,Low
1696884,79.1,21.1,523,Low
910379,76.8,24.1,319,High
3271240,72.3,12.9,140,Low
1541715,68.5,27.3,423,Moderate
2223325,71.4,57.0,377,Critical
939324,71.6,11.0,262,Low
3033393,52.1,24.0,182,Moderate
2020682,76.4,54.5,840,Critical
2351328,80.6,45.3,252,Moderate
1565699,74.2,24.2,249,Low
1052111,65.9,34.2,174,Low
1447436,70.4,19.9,421,Moderate
1483245,67.0,25.2,138,Low
1167316,73.7,22.5,203,Low
2331240,53.5,11.1,348,Moderate
6357648,76.1,36.9,630,High
1156039,78.4,32.8,150,Moderate
2838249,75.4,38.5,318,Moderate
1064532,84.8,46.0,333,High
10084752,81.0,83.1,3854,Critical
2349271,92.5,29.4,461,Low
1660432,82.1,8,309,Low
3819155,70.3,36.5,810,Moderate
1030501,75.7,8,235,Low
1214488,65.7,40.6,367,Low
3643568,57.3,31.6,364,Moderate
2716048,72.8,25.1,265,Moderate
946644,59.0,31.1,377,Low
2698849,65.0,34.8,358,High
10187493,95.4,94.9,4837,Critical
3809762,80.9,36.7,163,Moderate
3188241,76.8,52.1,375,High
1269533,73.5,33.8,226,Moderate
1029761,81.1,27.2,694,Low
1076129,53.6,35.8,378,Moderate
9761056,94.4,94.6,5812,Critical
3911141,79.0,31.3,224,Moderate
1725967,56.2,12.8,274,Low
2575844,69.0,35.4,315,Moderate
1281502,97.5,39.2,556,Low
2793701,68.4,29.0,511,Moderate
3416981,62.8,26.6,436,Moderate
1595354,71.1,28.1,529,Moderate
1720637,56.6,23.8,262,Low
2709506,78.0,19.5,490,High
1294818,58.7,35.6,208,High
1279906,67.8,8,580,Low
2170556,53.9,34.2,139,Low
1426750,60.5,30.9,357,Low
2012822,73.3,25.3,383,Low
890864,62.4,21.4,151,Low
1339030,71.8,23.2,356,Low
2710614,56.7,23.6,395,Moderate
1285756,51.6,19.5,160,Low
1706469,91.6,28.2,202,Moderate
4068327,70.8,13.4,315,Moderate
1203001,81.9,37.8,217,Low
2197754,90.9,67.8,464,Critical
2769301,80.4,23.4,348,Low
651088,85.6,30.3,325,Low
1512466,79.3,26.4,538,Low
929769,93.7,23.6,160,Moderate
1630650,99,49.9,271,High
2001961,79.3,16.1,227,Low
1781452,74.9,12.1,419,Low
883099,79.5,37.6,179,Moderate
1802180,77.2,56.3,351,Moderate
2870520,82.3,29.2,272,Moderate
1054128,78.7,17.3,239,Low
2248044,61.4,27.7,248,Low
2647175,71.4,23.9,276,High
10294092,95.5,99,2386,Critical
11303900,93.9,79.6,2490,Critical
1104672,76.1,17.9,182,Low
1236869,66.5,15.7,328,Low
2563113,85.4,26.3,441,Low
1138623,63.3,28.4,227,Low
1649235,64.2,8,419,Low
3306649,62.5,33.4,372,Moderate
1507212,81.0,28.8,80,Moderate
3244032,86.8,53.9,601,High
1411081,66.5,25.8,173,Low
2094132,85.9,43.9,327,Low
8591236,93.5,82.5,4461,Critical
2376862,70.3,35.5,333,Low
2039535,80.1,52.3,449,High
1098499,45,12.9,144,Low
3054519,74.2,23.3,560,Moderate
838485,82.7,20.8,190,Moderate
863995,81.1,20.5,408,Low
3903064,84.4,31.7,176,Moderate
3899142,71.9,53.6,239,High
1419525,54.7,21.3,243,Low
2052905,77.3,22.3,146,Low
1966054,68.4,38.8,343,Low
2748868,75.3,55.8,738,High
3095894,64.2,27.2,383,Moderate
3714150,71.8,46.8,129,Critical
5635770,73.7,18.1,586,High
2276988,93.3,37.9,118,Moderate
1867756,86.4,27.6,205,Moderate
5560250,90.3,89.7,7555,Critical
1610359,84.7,51.7,760,High
3885997,61.1,30.3,402,Low
7323597,69.5,26.3,531,Moderate
804136,75.0,25.7,101,Low
1279999,53.0,29.0,258,Low
2024996,77.6,65.8,301,Critical
1129290,63.5,8,341,Low
3009809,61.2,25.4,238,Moderate
3645881,67.8,26.0,396,Low
1671837,77.5,53.1,255,High
1549307,72.8,8,278,Low
1265794,75.7,32.0,412,Moderate
1218540,71.4,25.1,478,Low
1469084,73.9,25.4,163,Moderate
1475300,80.1,27.1,329,Low
7599769,66.8,33.5,543,Moderate
1457824,90.9,67.2,742,High
1018889,80.0,48.2,563,Moderate
3453321,70.1,25.0,154,Moderate
760539,79.2,28.7,379,Moderate
2469397,70.5,25.0,279,Moderate
1185352,83.1,24.6,394,High
560064,75.7,40.1,234,Moderate
2018373,59.2,25.8,193,Low
831952,61.1,23.3,102,Low
1703477,78.2,69.7,376,Moderate
3251473,84.5,13.7,212,Low
1827649,77.1,21.0,189,Moderate
1622433,89.3,31.9,231,Low
2504929,64.6,40.1,220,Low
1554740,67.6,23.8,407,Low
2882478,77.5,32.5,332,Low
2811591,72.0,56.6,255,High
1199212,78.8,48.5,461,Moderate
553132,94.7,12.5,197,Low
2220557,71.7,14.8,350,Low
1337058,62.6,41.1,282,Moderate
1510288,73.9,32.4,370,Low
1515228,68.5,36.8,419,Moderate
2852436,78.5,48.9,353,High
2649030,62.3,50.4,757,Moderate
1254837,70.9,13.4,435,Low
1425802,74.9,36.5,175,Low
743902,87.4,17.9,152,Low
2882278,75.6,8,333,Low
1418887,92.1,42.4,787,Moderate
1641464,91.6,18.2,293,Low
2595405,60.8,31.8,158,Low
2377798,70.3,39.7,463,High
1385368,68.0,27.6,173,Moderate
1485844,80.0,30.3,311,Low
2206293,76.1,64.3,184,Moderate
1529670,57.2,31.0,135,Moderate
1346222,69.2,43.0,526,Low
1307355,74.4,29.7,250,Low
2479011,73.2,38.9,147,Moderate
2285329,75.0,28.9,234,Low
4534564,85.6,44.5,425,High
2333374,54.9,21.7,182,Low
2372400,72.6,16.7,115,Low
1566876,45,8,369,Low
2712934,71.5,14.3,575,High
3341052,86.3,22.4,441,Low
1019924,68.7,10.8,369,Low
2121461,70.3,17.0,318,Low
2152457,70.4,33.2,530,Low
7165445,75.5,34.6,331,High
781758,67.4,32.8,458,Moderate
1599571,58.4,29.0,396,High
4338611,68.1,32.8,365,Low
900981,67.7,17.6,99,Low
7476875,81.9,34.2,348,Moderate
896032,45,28.0,171,Moderate
4740484,62.7,37.1,534,High
1615167,85.6,49.3,196,High
635066,93.3,35.3,397,Low
4817669,66.2,16.5,513,Low
1486393,75.1,43.8,530,Moderate
1898669,77.7,59.5,262,High
1816959,66.5,21.0,344,Low
1501446,80.9,33.9,441,High
1562784,76.7,27.3,270,Low
1521665,87.3,28.4,226,High
2169890,77.1,30.1,157,Low
1175511,67.2,30.3,383,Low
567653,74.4,20.1,149,Low
2792836,89.6,62.5,799,High
6731563,74.7,8,450,Moderate
4025891,71.5,46.2,421,Moderate
1981923,77.1,24.0,184,Low
2409987,69.3,46.9,441,Low
870792,61.2,27.1,240,Low
3295926,82.3,40.4,423,High
1774240,86.9,18.3,126,Low
2538757,74.5,32.9,207,Moderate
936116,54.6,29.4,270,Moderate
2352012,72.8,21.3,585,Moderate
2497919,83.4,26.6,278,Moderate
3051931,47.5,36.4,126,Low
1303286,63.0,8.7,318,Low
2211682,72.4,59.8,256,High
1565202,79.8,12.1,161,Moderate
8136003,89.4,85.6,5852,Critical
1820558,74.0,8,460,Low
3380778,70.4,36.2,380,Low
848571,81.4,26.9,156,Low
1776580,64.7,22.5,326,Low
3234870,66.9,25.4,530,High
1305540,50.0,20.7,119,Low
2075441,71.8,44.2,446,Critical
6159882,80.9,28.6,359,Moderate
1694044,75.1,32.0,192,Low
2335682,68.8,8,546,Low
1214504,51.6,23.6,205,Low
1246822,50.6,18.5,379,Low
667862,78.7,30.6,560,High
2216491,67.5,39.4,361,Moderate
1480163,95.4,30.6,263,High
7594039,81.8,36.8,487,High
2850443,83.3,42.4,646,High
1290682,62.8,33.9,505,Moderate
2862375,84.7,49.2,356,Moderate
1444553,67.5,52.9,306,Moderate
2400515,85.1,61.9,657,Moderate
8667987,91.4,87.3,3915,Critical
3304834,79.7,23.8,136,Low
1937943,72.7,49.9,505,High
2267864,83.5,63.9,226,High
2994063,66.3,42.9,386,Moderate
1728015,79.3,26.9,199,High
2427906,71.9,26.4,543,Moderate
2023679,64.1,26.9,384,Moderate
1957245,86.9,46.4,621,Moderate
1176122,76.0,26.3,448,Low
620730,92.3,35.4,529,High
3069954,64.5,27.0,207,Low
3023052,51.1,37.7,203,Low
1171996,82.2,23.0,748,Moderate
2022607,88.9,44.7,439,High
1459505,67.0,27.5,254,Moderate
1294059,81.6,15.6,499,Low
1437855,78.9,59.9,202,Low
2824544,71.7,46.4,844,High
4607370,65.1,31.3,716,Moderate
966516,78.0,67.5,563,Low
2216016,69.7,61.5,373,High
1793169,68.6,22.6,218,High
1387232,82.6,32.5,334,Moderate
932932,65.6,26.8,509,Moderate
2262901,67.7,22.4,180,Low
793571,58.9,31.8,154,Low
1850822,78.4,33.4,200,Moderate
745677,77.6,32.2,781,Low
2602488,90.5,45.5,544,Moderate
1590266,80.0,62.0,370,Critical
1025551,90.1,23.2,443,Moderate
670492,55.7,14.8,263,Low
1013528,55.9,40.1,424,Moderate
1963506,82.8,40.7,540,High
2452609,81.3,47.4,218,Low
1190180,80.1,35.3,470,Moderate
770806,80.0,19.2,301,Low
1858356,79.2,61.0,349,High
936864,78.0,61.9,732,High
1818884,77.1,25.2,279,Moderate
2310237,73.9,37.6,443,Moderate
2341880,76.2,25.0,146,Low
3340061,78.6,20.0,291,Low
961067,64.8,26.4,493,Moderate
3102290,63.1,35.3,381,Low
8419037,86.8,81.7,5145,Critical
7385704,81.2,99,3347,Critical
1818589,84.9,24.8,439,Low
1516233,54.4,37.4,313,Low
1712267,73.1,30.4,392,Low
2056794,68.2,20.8,331,Moderate
2532102,73.1,46.6,468,Moderate
3417311,75.9,49.6,432,High
1302280,69.2,16.2,164,Low
3808460,73.0,38.9,245,Moderate
728453,71.2,32.0,499,Low
1425565,86.2,37.9,554,High
1386502,76.6,12.1,203,Low
1976142,96.1,45.8,660,High
1842192,68.9,29.4,235,Low
2532659,63.5,14.1,370,Moderate
1549961,65.7,47.6,843,High
1755060,72.1,23.9,243,Low
3081769,68.2,43.0,487,Moderate
1818398,75.8,52.5,546,High
2633110,72.1,17.5,403,Low
2331210,74.0,27.6,452,Moderate
800642,87.0,36.6,369,Moderate
1728389,64.2,38.8,261,Moderate
2416928,76.2,26.2,211,Moderate
1744229,69.0,18.1,228,Moderate
2036312,68.8,56.3,185,High
942605,78.5,18.7,366,Low
2182818,71.8,8,418,Low
1707827,64.6,19.5,390,Low
1395082,54.2,21.6,163,Low
2953196,70.9,32.0,436,Moderate
2259874,77.9,16.0,211,High
1278216,78.1,13.4,428,Low
5895194,85.1,96.5,2231,Critical
922403,60.2,24.6,250,Low
1002337,73.9,27.1,199,Moderate
3458613,62.5,20.7,120,Low
1388951,83.5,25.0,538,Moderate
895542,87.2,15.8,244,Low
2185417,57.0,44.7,281,Moderate
3728686,74.8,30.4,242,Moderate
1213414,77.2,27.0,396,Low
1637546,74.0,27.6,129,Low
3661538,72.7,32.4,526,Low
4369482,72.7,12.7,272,Low
1175296,68.2,43.5,167,Low
1863285,66.4,27.1,150,Low
1012170,72.7,22.6,273,Low
1907689,69.5,8.2,210,Low
1219067,74.1,38.5,261,Low
2104726,76.5,34.3,309,High
1731357,69.1,42.0,151,Moderate
1619998,59.7,8,284,Low
2854229,76.8,40.0,421,Low
2033369,74.1,21.7,132,Low
930488,72.7,28.9,241,Low
3679465,68.7,28.0,258,High
1781967,58.8,22.8,158,Low
14786144,95.5,81.8,4814,Critical
1020706,69.6,26.8,420,Low
1786603,90.6,18.1,92,Low
2160255,53.0,33.1,167,Low
4097364,72.8,31.8,172,Moderate
2557746,66.2,38.0,207,Moderate
867609,63.4,8,230,Moderate
2107356,64.0,19.6,404,Low
2256396,74.8,37.1,535,Moderate
724622,85.4,21.6,186,Moderate
1284220,63.6,15.1,197,Low
1543007,76.5,25.6,443,Low
1027329,89.2,50.8,649,Moderate
2083080,64.3,8,125,Low
1156084,61.8,12.7,379,Moderate
711379,95.4,17.6,231,Moderate
1262743,86.6,66.0,711,Critical
1302799,66.0,23.7,317,Low
2380057,78.9,16.0,418,Low
3402500,73.3,24.4,335,Low
1450317,65.2,42.6,273,High
1846947,59.4,29.3,121,Low
1010508,60.1,21.6,416,Moderate
1825377,59.6,10.2,321,Low
2175080,91.7,54.5,305,High
1577136,79.6,22.8,191,Low
3435112,69.4,38.0,354,Moderate
2489863,65.8,10.4,636,Low
1791684,75.7,13.4,340,Moderate
3613904,73.9,17.7,345,Moderate
1534685,73.2,40.1,192,Low
2088169,78.4,42.6,438,Moderate
1199141,97.9,20.6,354,Low
735653,69.5,37.7,660,Moderate
3295072,61.1,36.4,391,Low
1805598,87.4,35.6,360,High
2506248,69.8,8,288,Low
1686189,71.4,34.9,400,Moderate
2646448,65.6,19.2,435,Moderate
1191504,80.2,25.0,110,Low
2200306,75.6,12.0,259,Moderate
3221550,66.4,29.5,443,Moderate
2879479,79.6,8.3,387,Low
1516917,80.9,30.8,541,High
1246378,72.1,26.3,169,Low
5943206,65.6,23.9,318,High
1899859,78.7,25.8,137,High
1638154,69.3,33.8,435,High
1148366,73.3,12.2,289,Low
1081452,71.9,33.3,239,Low
5365198,72.8,17.6,519,High
879605,73.4,63.8,408,Moderate
2182914,68.1,14.9,330,Low
936841,67.5,12.2,237,Low
827719,66.2,37.9,465,Low
2873555,85.9,59.0,571,High
7276559,84.1,23.0,599,High
1411980,81.5,67.6,218,Critical
920530,86.1,26.2,170,High
1364058,82.7,46.5,596,Moderate
1721052,86.0,41.1,691,High
4984097,96.3,98.0,4045,Critical
1808997,52.0,34.5,181,Low
1354887,68.0,29.5,315,Low
992483,82.4,41.3,494,High
5416093,72.6,27.8,370,Moderate
2540213,69.7,44.2,372,Moderate
2581634,96.7,37.3,476,High
1442560,72.0,22.3,516,Low
768054,77.7,21.5,525,Low
864425,57.6,29.9,480,Low
542200,68.2,8,355,Low
6705081,81.6,29.1,258,High
3221301,68.5,30.6,232,Low
618318,84.9,20.7,234,Low
1634384,60.9,45.7,487,Low
853647,87.1,15.1,107,Low
2220276,71.8,31.9,195,Low
1209392,89.0,41.1,364,Moderate
802372,80.4,32.5,308,Moderate
1544198,92.6,32.5,190,Moderate
971229,49.6,11.2,329,Low
860755,83.7,27.0,379,Low
1345365,50.2,33.9,191,Low
2333424,79.5,14.9,130,Low
2520633,66.7,37.7,359,Low
2154006,78.1,20.5,279,Low
1159912,68.4,17.2,369,Low
997897,70.2,19.4,180,Moderate
2755730,79.5,63.3,443,Critical
3333023,72.2,8.7,182,Low
1350900,75.0,8,311,Low
1381145,71.0,51.2,375,High
2438958,70.0,29.9,203,Low
2244887,87.1,28.1,328,Low
2652789,77.3,19.2,582,Moderate
1517964,54.6,22.7,147,Low
1985171,80.5,20.9,406,Low
1881357,67.4,16.3,284,Low
747985,70.7,20.1,84,Low
1332358,79.1,13.7,386,Low
937217,77.1,29.7,256,Low
1062297,69.2,46.6,295,Moderate
2122507,68.9,8,562,Low
330173,87.0,24.5,112,Low
1073604,81.4,30.2,181,Moderate
1710330,63.4,13.0,515,Low
1182018,65.2,17.9,93,Low
3444221,79.4,21.9,174,Low
1275959,71.8,18.3,169,Low
1411678,69.7,28.4,261,Moderate
569449,76.4,43.5,216,Moderate
2266273,87.5,32.8,280,Moderate
3019746,55.5,16.5,117,Low
626359,59.2,21.3,301,Low
1110317,70.9,37.1,252,Low
2907586,71.6,25.1,276,Low
859711,81.4,32.7,406,High
1486838,45,17.6,301,Low
1263502,76.4,47.0,278,Low
1186057,78.7,25.8,275,Moderate
1183754,77.0,43.9,435,High
1777825,45.2,9.3,150,Low
1147725,67.8,22.5,208,Low
431882,77.0,16.5,164,Low
820082,59.7,13.6,223,Low
1772855,72.7,38.6,478,Moderate
2110577,71.0,22.0,624,Moderate
1508960,88.1,8.8,178,Low
1279223,87.2,18.2,219,Low
889601,70.1,36.4,452,Low
1019472,74.7,34.8,350,Low
1655570,74.4,24.9,251,Moderate
3502826,68.5,40.0,327,Low
2395185,73.3,69.1,326,High
1521994,78.0,12.7,320,Low
1480952,91.9,61.8,381,High
1851758,69.9,28.2,477,Moderate
1948199,98.0,43.2,413,High
3554291,72.4,40.5,378,Low
1072392,65.7,13.0,172,Low
2813833,99,49.9,301,High
1618864,76.2,57.4,713,Moderate
2670903,76.7,8,288,Low
900201,71.9,33.9,386,Moderate
837385,49.6,16.6,323,Low
2015931,67.5,32.3,111,Low
879291,69.5,26.5,136,Low
1363519,61.0,35.4,789,Low
1284967,80.6,21.4,84,Low
1747890,76.2,31.3,121,Moderate
961015,69.9,37.4,359,Moderate
1712222,76.7,44.4,267,High
5595907,67.7,32.4,319,High
1081790,79.5,69.2,235,High
899707,82.5,17.0,474,Low
1366354,79.2,26.1,245,Moderate
1407136,90.8,49.7,428,High
1903721,63.6,19.5,158,Low
1273556,68.6,33.3,613,Low
1082594,78.0,19.1,493,Moderate
2174286,54.5,35.6,281,Moderate
1451839,67.3,35.1,194,Low
1908850,79.8,21.4,354,Low
1586317,79.5,50.7,514,High
1836903,68.0,16.4,358,Low
3589234,64.7,23.0,271,Low
1209036,69.1,26.9,474,Moderate
2038661,72.9,25.1,519,Moderate
1510830,64.4,36.2,661,Moderate
2549108,68.2,14.8,364,Moderate
7497959,73.9,30.0,250,High
1187420,74.8,32.7,618,Low
1660244,68.3,30.1,547,High
1426496,69.6,17.7,290,Low
959585,70.5,30.0,131,High
1534416,79.3,12.5,573,Moderate
2347139,72.9,44.8,287,Moderate
1490138,88.1,30.8,283,High
2350596,75.6,17.5,470,Low
1973076,75.5,42.5,213,Low
2630248,89.2,65.0,271,High
1098424,45.8,11.3,304,Low
1492347,86.4,35.0,352,Moderate
1231414,76.6,17.4,442,Low
1506952,63.0,17.3,281,Low
6675652,86.8,99,3616,Critical
1334134,55.2,26.9,406,Low
1173192,54.6,10.1,329,Low
810467,65.5,44.2,479,Critical
2908004,70.8,12.8,357,Low
2359323,71.0,16.5,283,Moderate
1268784,79.7,35.5,410,Low
1743601,73.4,17.8,222,Low
1955381,90.6,38.4,671,High
1621141,73.9,27.3,272,Low
812910,73.2,19.7,131,Low
1587585,89.4,30.1,368,High
2878187,86.8,17.0,227,Moderate
1691897,78.6,18.5,203,Moderate
2315938,89.3,25.5,202,High
1906822,72.6,60.7,252,Moderate
1745699,88.9,69.4,600,Moderate
1769286,79.8,32.0,287,Moderate
4892098,73.3,26.3,484,Moderate
1408288,82.7,30.8,543,Moderate
4405653,59.9,39.0,615,Moderate
1101880,89.0,76.9,332,High
9025369,86.7,83.1,2929,Critical
2975145,50.4,27.7,371,Low
1057851,87.1,37.2,264,High
1027197,62.1,12.0,381,Low
1082463,92.0,27.2,228,Low
3526336,64.9,29.1,208,Low
563637,82.4,10.6,135,Low
3715715,63.3,26.8,306,Moderate
3631368,64.3,30.4,202,Moderate
1531296,62.5,31.1,299,Moderate
1646570,67.6,30.4,156,Moderate
1219502,71.3,8,642,Moderate
845274,68.4,42.0,147,Low
952768,73.1,64.0,301,High
1069486,87.6,48.0,728,Critical
3147186,80.4,22.1,608,Low
2835815,72.1,20.8,501,Low
1157027,66.6,31.6,232,Moderate
1377272,69.9,36.5,302,Low
1286067,68.1,25.4,453,Low
1576078,74.3,33.5,316,Low
2737497,61.4,23.9,406,High
1585628,75.9,21.9,160,Moderate
3583789,62.3,38.6,312,Moderate
902809,78.9,30.4,335,High
953256,62.2,59.5,522,High
635623,63.9,16.8,148,Low
3185975,77.0,43.0,701,Moderate
1320735,66.7,14.0,294,Low
1814889,50.0,8,346,Low
1013430,81.6,11.2,213,Low
2410873,73.8,26.0,339,Moderate
2035193,52.8,25.9,142,Low
1542529,80.2,13.5,96,Low
6851345,70.5,28.7,337,High
2371869,91.4,45.7,557,High
2262400,80.1,62.8,351,Critical
1560996,90.9,18.5,378,Low
1363165,48.8,20.3,123,Moderate
1302147,78.0,14.5,153,Low
2544117,67.9,22.1,360,Low
819972,77.9,19.5,95,Low
3005586,86.2,48.8,661,High
4911113,75.8,26.9,329,Low
1169794,89.1,57.0,288,High
2587318,70.1,45.6,422,High
2009901,83.5,46.7,317,Moderate
3989269,73.3,27.9,627,Low
2592111,85.6,43.0,679,High
1754723,59.8,28.7,373,Moderate
6081222,90.2,78.6,3021,Critical
1508778,74.5,8.0,239,Low
1329310,84.7,20.1,574,Moderate
2190351,72.1,44.2,485,Moderate
1409663,69.7,19.5,398,Moderate
2639323,78.0,63.7,650,High
4157021,81.6,28.7,137,Moderate
2683895,77.3,76.3,689,Critical
1558737,65.5,19.9,418,Low
3895873,67.5,45.9,285,Moderate
1582369,69.4,20.7,385,Low
1828046,69.2,22.8,302,Low
2804953,79.0,61.4,718,Moderate
1997276,67.2,41.4,852,Low
2079061,63.2,29.4,398,Low
2006825,71.7,49.2,307,Moderate
1083005,75.6,30.3,149,Moderate
2003665,70.2,13.2,318,Low
2370046,66.7,22.7,229,High
2420372,76.3,8,150,Low
1819042,75.4,46.8,369,High
1398083,67.9,19.8,501,Low
3832511,58.2,38.1,383,Low
1820853,80.5,22.7,414,Moderate
993665,78.2,32.2,163,Low
987215,74.3,13.5,200,High
4019794,75.1,33.4,380,Moderate
548091,76.2,16.7,97,Low
3452662,80.5,35.4,344,Moderate
870919,58.9,28.0,360,Low
2862341,84.8,35.8,198,Moderate
1627665,68.4,18.3,279,High
1413146,68.5,34.4,295,Low
5087709,68.0,16.7,430,Low
1187561,47.1,11.5,235,Low
1165149,82.8,18.6,212,Low
7673767,83.0,77.2,7294,Critical
1475469,93.8,20.5,184,Moderate
1361925,88.0,27.6,547,Moderate
2156592,69.6,22.3,371,Moderate
440840,86.9,9.5,95,Low
1434538,64.9,20.2,391,Moderate
2099860,93.2,32.9,143,Low
1522373,57.8,11.6,215,Low
974069,69.7,23.8,360,Moderate
1538405,75.4,25.3,677,Low
1724353,68.8,24.5,265,Low
2137301,89.1,62.1,605,Moderate
1683635,67.4,34.6,307,Low
968011,80.8,69.3,699,Critical
2270146,78.2,62.5,480,High
4130549,67.5,43.5,721,Moderate
2623395,78.5,53.9,660,High
1535443,88.7,47.2,656,High
3063155,76.0,46.0,222,Low
2551585,61.2,35.3,387,Low
3726270,64.8,16.0,376,Moderate
2689484,98.3,67.2,246,High
1628564,62.5,36.9,191,Moderate
1597299,84.7,41.4,836,Critical
1814721,53.6,28.5,376,Low
1786701,82.4,21.8,427,Moderate
1997822,77.4,13.8,224,Low
1689741,75.9,8,400,Low
988304,71.9,54.3,215,Moderate
1662454,56.6,20.8,289,Low
871592,74.4,8,231,Low
7117792,76.0,20.7,321,Low
1223355,77.5,67.2,430,High
2843699,60.2,27.9,154,Moderate
4346600,75.4,28.1,785,High
556443,69.9,35.1,713,Low
2483274,90.3,43.4,400,High
2773506,62.6,36.2,307,Low
3647911,73.2,59.2,816,High
2121805,99,52.1,266,High
1008361,72.7,12.3,430,Low
1420466,66.8,32.4,518,Low
4127099,80.2,18.4,220,Low
1955488,63.1,21.7,517,Moderate
1554061,87.4,31.2,385,Moderate
1350285,88.9,47.7,490,Critical
1752423,60.5,31.1,147,Low
675453,79.3,42.8,328,Moderate
4539013,74.9,44.7,325,Critical
1473188,81.5,49.6,250,Moderate
4552738,81.9,51.9,377,Moderate
2384233,71.8,57.5,278,High
2540610,66.2,25.4,414,Low
1205793,89.7,26.8,286,Moderate
2510039,92.8,33.7,578,High
2508564,53.1,10.4,184,Low
2240699,68.6,23.2,207,Low
1818896,67.1,29.4,270,Moderate
1183374,73.1,29.3,189,Low
1650006,74.0,8,184,Low
2355505,70.7,31.6,352,High
1940186,70.0,16.0,243,Low
1206713,78.1,40.5,203,Moderate
1806276,65.1,44.4,324,Critical
2654549,73.3,19.7,163,Moderate
1157018,98.0,43.0,733,Critical
606611,60.7,29.5,139,Low
1314788,73.1,30.7,492,Moderate
869820,86.0,28.5,403,Low
1319900,50.8,20.2,281,Low
1450773,66.6,26.4,258,Moderate
2417064,68.8,28.0,119,Moderate
1925026,87.1,29.4,299,Moderate
2051259,53.8,27.7,275,Low
1771098,83.2,28.3,188,Moderate
2322701,74.2,36.8,537,High
1262663,76.2,33.2,432,Low
1797732,85.5,16.9,588,Low
1465829,73.9,57.9,164,High
1466316,82.7,47.0,505,High
2681850,74.0,36.0,524,High
883691,71.2,29.4,309,Low
2754817,73.4,20.1,411,High
4532468,84.1,46.7,532,High
4034840,62.2,15.1,324,Moderate
1003547,76.5,36.1,277,High
1091364,80.8,19.4,593,Low
796585,54.2,8,122,Low
1763287,72.2,25.0,419,High
12220446,78.2,85.7,4094,Critical
627450,76.5,51.0,639,Moderate
1652632,84.2,29.2,236,Low
2645157,50.0,30.8,270,Moderate
2019883,67.2,33.7,216,Low
1243243,82.9,43.3,367,Moderate
752203,67.0,27.8,401,Low
3104834,77.6,37.2,392,Moderate
2918784,65.3,13.3,128,High
1514913,78.0,62.6,302,High
3064876,87.7,63.3,730,High
1134405,83.6,46.2,357,Moderate
1334408,75.8,31.0,216,Low
1493788,76.0,11.8,341,Low
632433,73.5,39.6,323,Low
1891296,79.0,25.8,155,Low
2184177,71.4,56.6,258,Moderate
1614793,66.6,28.6,277,Moderate
5253437,70.1,30.7,365,Moderate
1295950,72.3,25.8,204,Moderate
2382484,78.0,27.1,243,Low
1519031,64.1,26.8,389,Moderate
1570713,81.9,20.5,398,Low
1321074,64.4,8,240,Low
4487164,78.7,17.8,278,High
900944,83.4,56.4,278,Low
3073618,73.9,47.1,252,Moderate
1021946,76.8,37.1,153,Moderate
1555373,71.5,30.4,423,Low
1016761,74.1,27.5,166,Low
462366,84.3,16.1,143,Low
1375147,83.8,12.1,195,High
2322203,75.4,17.6,247,Low
3486986,60.8,34.2,209,Low
2252280,79.2,28.0,239,High
2184022,76.0,11.3,442,Moderate
1845973,62.1,49.3,351,Moderate
2297595,95.7,53.2,470,Moderate
1887810,70.2,21.0,173,Low
1102075,66.7,40.2,332,Low
2206722,82.6,30.5,745,Moderate
4725542,75.1,41.7,328,Moderate
826652,66.4,14.2,383,Moderate
2158817,66.2,25.6,196,Moderate
1706955,64.9,14.6,255,Low
2020103,90.5,50.6,162,High
1108531,67.5,22.6,197,Low
3428777,70.6,27.5,382,Moderate
905312,49.4,13.2,180,Low
1764780,78.9,20.7,303,Low
1872247,77.0,42.0,451,High
11161435,85.5,88.8,5715,Critical
2911281,69.7,23.3,325,Low
980851,84.0,32.8,369,Moderate
2957802,64.6,22.2,187,Low
5216254,84.8,85.9,4434,Critical
1396039,79.7,13.6,491,Moderate
2489646,81.8,14.4,407,Low
2688365,72.2,15.7,344,Low
2670230,87.2,39.7,587,Moderate
7789778,91.8,96.3,6541,Critical
1036989,94.0,21.5,436,Low
1678727,71.4,45.9,554,Moderate
2401454,66.6,36.2,408,High
1502691,81.4,22.3,387,Low
3067593,69.7,29.6,207,Moderate
3512373,70.8,20.2,498,Moderate
1404605,76.5,39.3,122,Low
1442818,50.3,30.8,106,Low
2646030,83.9,26.5,563,Low
1331884,80.7,51.7,730,Critical
3330521,70.8,33.4,226,High
3669748,76.5,32.1,264,Moderate
1832326,70.8,24.4,238,Moderate
1923778,76.1,43.6,149,Moderate
7287768,76.5,25.0,596,High
1547108,85.6,22.6,385,High
1652164,72.0,40.4,202,Moderate
2320708,90.1,9.4,222,Moderate
1688423,73.7,25.9,546,Low
931187,62.6,37.6,173,Low
1484804,69.4,42.2,268,Moderate
1529583,64.1,29.6,471,Moderate
3266305,79.4,30.1,285,High
2715494,96.5,55.6,663,High
1033897,83.9,14.1,377,Low
2772293,89.1,55.7,339,High
1625144,74.1,28.0,314,Moderate
4049046,63.5,26.8,452,High
2236852,69.6,30.3,205,Low
1709671,70.0,18.2,189,Low
4110080,74.8,11.2,423,Low
13742025,98.4,99,7871,Critical
2082735,72.9,25.5,485,Moderate
2622344,68.2,31.1,300,Moderate
1327510,70.6,10.8,316,Low
1559846,77.1,14.7,189,Low
8651954,95.0,81.0,5720,Critical
1766736,83.5,50.9,209,Moderate
1077126,64.0,15.9,236,Low
3481627,79.5,22.8,178,Moderate
11517539,91.7,90.9,2737,Critical
7070555,63.0,20.1,223,Moderate
616854,56.1,10.3,287,Low
1257930,73.2,33.7,381,Moderate
2079884,64.3,11.5,166,Low
3079770,84.1,50.8,605,High
1581229,58.3,8,341,Low
1127231,73.2,65.4,230,Moderate
1339654,83.3,46.9,237,Low
1665135,66.1,30.5,274,Low
1556504,84.7,20.5,463,Moderate
759405,91.9,27.1,223,Moderate
11194361,91.6,83.7,5445,Critical
2113078,75.8,22.2,160,Moderate
1479619,69.9,24.7,355,Low
1463154,91.9,35.4,405,High
2376813,67.1,30.3,305,Moderate
1872184,52.4,22.5,293,Low
4030964,78.2,20.8,302,Moderate
1205190,64.5,21.5,247,Low
1930336,56.1,15.2,374,Low
1857474,67.1,33.5,410,High
3446331,71.3,31.6,557,High
2590606,64.5,32.3,430,Moderate
14993921,85.4,84.3,5896,Critical
1830819,65.4,29.0,422,Low
3360898,65.0,42.8,417,Moderate
1308240,87.0,20.4,235,Low
3974685,67.0,29.2,380,Moderate
3963114,77.4,44.5,372,High
1004988,80.8,67.7,452,Critical
918426,85.0,26.7,414,Moderate
14624218,91.5,92.7,4759,Critical
917875,75.5,27.6,472,Low
2331517,69.6,13.4,318,Low
2802682,75.5,24.5,474,Low
3744151,79.4,55.3,440,High
748528,59.7,17.3,270,Moderate
2038414,70.5,21.2,319,Low
595840,56.6,18.8,202,Low
1182661,76.6,41.2,177,High
1020725,53.8,33.0,333,Moderate
756941,70.2,8,374,Low
1781138,82.2,64.7,578,High
2249538,93.6,32.3,664,High
2700858,64.6,34.0,469,Moderate
1414946,60.1,10.6,430,Low
2131216,64.9,14.3,443,Low
1638729,82.2,13.6,308,Moderate
5926078,81.4,83.5,6264,Critical
1359592,63.2,22.9,175,Low
2700246,70.5,18.3,250,Low
1965024,84.0,38.9,250,Moderate
2092786,65.2,18.5,346,Low
374869,84.8,15.8,119,Low
607529,87.6,8,96,Low
11128488,85.0,91.3,3509,Critical
3458438,69.2,42.4,532,Moderate
11506822,96.4,87.3,3190,Critical
1305892,82.2,30.8,83,Low
3674683,68.1,38.8,333,Moderate
2590576,62.7,39.0,263,Moderate
1640701,69.6,8.6,257,Low
3306383,91.7,46.7,261,High
969950,57.3,29.8,229,Moderate
1150918,56.8,22.5,145,Moderate
2293018,77.5,76.2,226,High
772366,80.5,16.3,114,Moderate
1312348,71.2,26.3,669,Moderate
2692650,81.5,43.0,156,Moderate
4194300,75.3,19.4,375,Moderate
713529,71.8,14.2,102,Low
1286977,83.5,32.0,124,Moderate
1503366,74.9,29.5,162,Moderate
1415064,85.5,17.7,264,Low
1390433,72.6,26.2,496,Moderate
550982,76.2,38.3,349,Moderate
1122595,74.6,28.1,291,Low
1523809,77.2,49.0,135,Low
967290,67.9,8,194,Low
1436890,78.3,50.6,537,Moderate
1525927,74.0,23.3,169,Low
928299,79.3,16.8,226,Low
2943333,75.9,8.4,187,Moderate
1484539,61.9,33.2,265,Moderate
658452,70.8,25.0,476,Low
1579928,66.0,29.8,414,Moderate
2162261,77.4,60.7,457,Moderate
1497232,66.0,41.1,429,Moderate
1459174,57.0,27.2,348,Low
1889261,75.3,47.2,363,Moderate
3182254,82.4,51.1,849,High
2318590,72.7,34.0,360,Moderate
3157227,75.9,20.8,187,Moderate
1398823,70.6,10.4,405,Low
985460,79.0,59.2,622,High
917111,82.8,9.0,389,Moderate
8434977,83.6,89.9,3496,Critical
1328535,83.5,23.6,165,Moderate
820007,81.5,27.7,574,Moderate
2761340,66.0,22.3,289,Low
2487462,59.9,24.7,239,Low
1007532,67.4,60.9,485,High
1941121,84.0,39.7,399,High
1945532,71.1,34.5,135,High
1713665,81.0,67.9,757,High
1624256,74.9,8,325,Low
832629,83.2,24.7,146,Low
959598,65.6,17.7,312,Low
2850704,67.3,25.4,353,Low
924584,76.7,25.5,441,Low
2013797,73.1,35.9,202,Moderate
1691232,87.2,55.5,773,High
1804923,70.0,38.8,134,High
1709607,77.2,21.3,182,Moderate
1076850,81.8,22.3,250,Low
1166021,81.0,27.1,184,Low
1642739,63.8,20.6,187,Low
1084658,52.8,8,260,Moderate
2293075,73.7,25.2,340,Moderate
1659904,78.8,25.1,343,Moderate
1722099,74.0,38.7,383,Low
768167,77.9,23.1,154,Low
2058931,65.6,26.1,270,Low
1241100,65.7,13.4,395,Low
1523891,45.8,47.6,121,Low
2158625,67.3,21.9,248,Moderate
1554851,66.7,41.3,808,Low
1470043,70.9,34.2,428,Low
6756918,75.0,19.6,267,High
1447233,74.2,38.4,260,High
1336556,73.1,29.9,436,High
2645172,74.7,27.4,482,Moderate
1864357,86.8,27.7,192,Moderate
1382461,53.7,35.0,148,Moderate
1727030,81.4,18.9,201,Low
3745872,80.1,27.5,231,Moderate
1907054,81.4,43.0,320,High
1939109,60.3,29.5,265,High
1697904,77.1,46.2,601,Critical
1403850,82.3,29.4,666,High
1638072,81.6,45.2,343,Moderate
3833004,61.1,34.4,221,Moderate
951484,94.8,19.8,118,Moderate
2796887,73.0,15.7,470,Low
11612566,79.1,91.5,4389,Critical
1540898,73.8,37.5,588,Moderate
1228529,75.9,30.6,502,Moderate
1220125,72.0,29.4,237,Low
859001,67.6,35.2,172,Low
3244305,87.8,60.1,294,High
2528787,66.4,31.5,168,Low
1566103,61.0,8,279,Low
867215,75.0,14.2,215,Low
2127861,69.6,14.9,386,Low
3520503,66.9,41.3,327,Moderate
1196996,72.9,30.2,443,High
4442789,76.2,44.9,489,Moderate
2159521,75.8,10.3,427,Low
3851519,67.5,42.3,302,Moderate
1533302,68.1,35.9,408,Low
1310958,76.1,30.0,322,High
1665262,75.4,24.7,343,Low
1503812,81.8,27.8,742,Moderate
1129826,66.3,23.3,379,Low
6380100,87.9,99,6249,Critical
1782089,57.6,29.3,205,Moderate
3651277,67.8,29.3,254,Low
1015137,57.9,29.4,256,Moderate
1572148,84.1,30.0,195,Low
2220237,79.7,35.7,247,Moderate
1881134,55.8,21.5,533,Low
2966404,64.7,29.0,321,High
2812781,71.9,35.1,448,Low
2813911,61.0,26.0,199,Low
