Sl.No.,Heads of Crime,Major Heads,Minor Heads,During the current year upto the end of month under review,During the corresponding month of previous year,During the previous month,During the current month,,,,,,,
1,A - IPC Crime,"Murder (Sec.302/303 IPC/103,104 BNS)",For gain,28,2,3,1,,,,,,,
2,A - IPC Crime,"Murder (Sec.302/303 IPC/103,104 BNS)",Over Property Dispute,19,3,2,0,,,,,,,
3,A - IPC Crime,"Murder (Sec.302/303 IPC/103,104 BNS)",Due to Personal Vendetta or enemity,31,0,3,2,,,,,,,
4,A - IPC Crime,"Murder (Sec.302/303 IPC/103,104 BNS)",Due to Sexual jealousy,21,0,4,1,,,,,,,
5,A - IPC Crime,"Murder (Sec.302/303 IPC/103,104 BNS)",For dowry by burning,1,0,0,0,,,,,,,
6,A - IPC Crime,"Murder (Sec.302/303 IPC/103,104 BNS)",For dowry by other means,5,1,0,1,,,,,,,
7,A - IPC Crime,"Murder (Sec.302/303 IPC/103,104 BNS)",Due to Communalism,1,0,0,0,,,,,,,
8,A - IPC Crime,"Murder (Sec.302/303 IPC/103,104 BNS)",Due to Casteism,1,0,1,0,,,,,,,
9,A - IPC Crime,"Murder (Sec.302/303 IPC/103,104 BNS)",Witch Craft (Sorcery),0,0,0,0,,,,,,,
10,A - IPC Crime,"Murder (Sec.302/303 IPC/103,104 BNS)",For Human Sacrifice,0,0,0,0,,,,,,,
11,A - IPC Crime,"Murder (Sec.302/303 IPC/103,104 BNS)",Due to Terrorism/Naxalism / Extremism,0,0,0,0,,,,,,,
12,A - IPC Crime,"Murder (Sec.302/303 IPC/103,104 BNS)",For Political Reasons,0,0,0,0,,,,,,,
13,A - IPC Crime,"Murder (Sec.302/303 IPC/103,104 BNS)",Due to Adultery,15,3,2,1,,,,,,,
14,A - IPC Crime,"Murder (Sec.302/303 IPC/103,104 BNS)",Civil Disputes,45,5,1,6,,,,,,,
15,A - IPC Crime,"Murder (Sec.302/303 IPC/103,104 BNS)",Electoral Gain,0,0,0,0,,,,,,,
16,A - IPC Crime,"Murder (Sec.302/303 IPC/103,104 BNS)",Gang Rivalry,3,0,0,1,,,,,,,
17,A - IPC Crime,"Murder (Sec.302/303 IPC/103,104 BNS)",Love Intrigue,23,2,5,2,,,,,,,
18,A - IPC Crime,"Murder (Sec.302/303 IPC/103,104 BNS)",Professional ,0,0,0,0,,,,,,,
19,A - IPC Crime,"Murder (Sec.302/303 IPC/103,104 BNS)",Psychopathic/Serial Killer/Lunacy,0,0,0,0,,,,,,,
20,A - IPC Crime,"Murder (Sec.302/303 IPC/103,104 BNS)",Rape with Murder,9,0,1,1,,,,,,,
21,A - IPC Crime,"Murder (Sec.302/303 IPC/103,104 BNS)",Revenge/Enemity,34,7,3,1,,,,,,,
22,A - IPC Crime,"Murder (Sec.302/303 IPC/103,104 BNS)",Sudden Quarrel,84,10,11,7,,,,,,,
23,A - IPC Crime,"Murder (Sec.302/303 IPC/103,104 BNS)",Village Dispute,0,0,0,0,,,,,,,
24,A - IPC Crime,"Murder (Sec.302/303 IPC/103,104 BNS)",Custodial,0,0,0,0,,,,,,,
25,A - IPC Crime,"Murder (Sec.302/303 IPC/103,104 BNS)",Due to Other Causes,710,68,68,82,,,,,,,
26,A - IPC Crime,ATTEMPT TO MURDER (Sec. 307 IPC/109BNS),For Gain ,15,2,2,3,,,,,,,
27,A - IPC Crime,ATTEMPT TO MURDER (Sec. 307 IPC/109BNS),Over Property Dispute,66,3,7,6,,,,,,,
28,A - IPC Crime,ATTEMPT TO MURDER (Sec. 307 IPC/109BNS),Due to Personal Vendetta or enemity,73,5,8,12,,,,,,,
29,A - IPC Crime,ATTEMPT TO MURDER (Sec. 307 IPC/109BNS),Due to Sexual jealousy,10,3,0,3,,,,,,,
30,A - IPC Crime,ATTEMPT TO MURDER (Sec. 307 IPC/109BNS),For Dowry other Means,15,2,3,1,,,,,,,
31,A - IPC Crime,ATTEMPT TO MURDER (Sec. 307 IPC/109BNS),Dowry By Burning,2,0,0,1,,,,,,,
32,A - IPC Crime,ATTEMPT TO MURDER (Sec. 307 IPC/109BNS),Due to Communalism,2,1,1,0,,,,,,,
33,A - IPC Crime,ATTEMPT TO MURDER (Sec. 307 IPC/109BNS),Due to Casteism,1,0,0,0,,,,,,,
34,A - IPC Crime,ATTEMPT TO MURDER (Sec. 307 IPC/109BNS),Witch Craft (Sorcery),0,0,0,0,,,,,,,
35,A - IPC Crime,ATTEMPT TO MURDER (Sec. 307 IPC/109BNS),For Human Sacrifice,0,0,0,0,,,,,,,
36,A - IPC Crime,ATTEMPT TO MURDER (Sec. 307 IPC/109BNS),Terrorism /Naxalism / Extremism,0,0,0,0,,,,,,,
37,A - IPC Crime,ATTEMPT TO MURDER (Sec. 307 IPC/109BNS),For Political Reasons,6,0,0,0,,,,,,,
38,A - IPC Crime,ATTEMPT TO MURDER (Sec. 307 IPC/109BNS),Adultery,11,2,0,1,,,,,,,
39,A - IPC Crime,ATTEMPT TO MURDER (Sec. 307 IPC/109BNS),Electoral Gain,0,0,0,0,,,,,,,
40,A - IPC Crime,ATTEMPT TO MURDER (Sec. 307 IPC/109BNS),Gang Rivalry,3,0,0,1,,,,,,,
41,A - IPC Crime,ATTEMPT TO MURDER (Sec. 307 IPC/109BNS),Love Intrigue,22,0,1,4,,,,,,,
42,A - IPC Crime,ATTEMPT TO MURDER (Sec. 307 IPC/109BNS),Professional ,6,1,1,0,,,,,,,
43,A - IPC Crime,ATTEMPT TO MURDER (Sec. 307 IPC/109BNS),Rape,1,0,0,0,,,,,,,
44,A - IPC Crime,ATTEMPT TO MURDER (Sec. 307 IPC/109BNS),Revenge/Enemity,205,19,25,20,,,,,,,
45,A - IPC Crime,ATTEMPT TO MURDER (Sec. 307 IPC/109BNS),Sudden Quarrel,270,16,39,32,,,,,,,
46,A - IPC Crime,ATTEMPT TO MURDER (Sec. 307 IPC/109BNS),Village Dispute,6,1,1,0,,,,,,,
47,A - IPC Crime,ATTEMPT TO MURDER (Sec. 307 IPC/109BNS),Due to Other Causes,1796,141,199,212,,,,,,,
48,A - IPC Crime,ATTEMPT TO MURDER (Sec. 307 IPC/109BNS),Civil Disputes,290,20,15,29,,,,,,,
49,A - IPC Crime,CULPABLE HOMICIDE NOT AMOUNTING TO MUDER (Sec.304 IPC/105 BNS),For Gain,0,0,0,0,,,,,,,
50,A - IPC Crime,CULPABLE HOMICIDE NOT AMOUNTING TO MUDER (Sec.304 IPC/105 BNS),Over Civil Dispute,1,0,0,0,,,,,,,
51,A - IPC Crime,CULPABLE HOMICIDE NOT AMOUNTING TO MUDER (Sec.304 IPC/105 BNS),Due to Personal Vendetta or enemity,0,0,0,0,,,,,,,
52,A - IPC Crime,CULPABLE HOMICIDE NOT AMOUNTING TO MUDER (Sec.304 IPC/105 BNS),Due to Sexual jealousy,0,0,0,0,,,,,,,
53,A - IPC Crime,CULPABLE HOMICIDE NOT AMOUNTING TO MUDER (Sec.304 IPC/105 BNS),For Dowry,0,0,0,0,,,,,,,
54,A - IPC Crime,CULPABLE HOMICIDE NOT AMOUNTING TO MUDER (Sec.304 IPC/105 BNS),Due to Communalism,0,0,0,0,,,,,,,
55,A - IPC Crime,CULPABLE HOMICIDE NOT AMOUNTING TO MUDER (Sec.304 IPC/105 BNS),Due to Casteism,0,0,0,0,,,,,,,
56,A - IPC Crime,CULPABLE HOMICIDE NOT AMOUNTING TO MUDER (Sec.304 IPC/105 BNS),Witch Craft (Sorcery),0,0,0,0,,,,,,,
57,A - IPC Crime,CULPABLE HOMICIDE NOT AMOUNTING TO MUDER (Sec.304 IPC/105 BNS),For Human Sacrifice,0,0,0,0,,,,,,,
58,A - IPC Crime,CULPABLE HOMICIDE NOT AMOUNTING TO MUDER (Sec.304 IPC/105 BNS),Terrorism /Naxalism / Extremism,0,0,0,0,,,,,,,
59,A - IPC Crime,CULPABLE HOMICIDE NOT AMOUNTING TO MUDER (Sec.304 IPC/105 BNS),For Political Reasons,0,0,0,0,,,,,,,
60,A - IPC Crime,CULPABLE HOMICIDE NOT AMOUNTING TO MUDER (Sec.304 IPC/105 BNS),Adultery,0,0,0,0,,,,,,,
61,A - IPC Crime,CULPABLE HOMICIDE NOT AMOUNTING TO MUDER (Sec.304 IPC/105 BNS),Property Disputes,0,0,0,0,,,,,,,
62,A - IPC Crime,CULPABLE HOMICIDE NOT AMOUNTING TO MUDER (Sec.304 IPC/105 BNS),Electoral Gain,4,0,1,0,,,,,,,
63,A - IPC Crime,CULPABLE HOMICIDE NOT AMOUNTING TO MUDER (Sec.304 IPC/105 BNS),Gang Rivalry,0,0,0,0,,,,,,,
64,A - IPC Crime,CULPABLE HOMICIDE NOT AMOUNTING TO MUDER (Sec.304 IPC/105 BNS),Love Intrigue,0,0,0,0,,,,,,,
65,A - IPC Crime,CULPABLE HOMICIDE NOT AMOUNTING TO MUDER (Sec.304 IPC/105 BNS),Professional ,1,0,1,0,,,,,,,
66,A - IPC Crime,CULPABLE HOMICIDE NOT AMOUNTING TO MUDER (Sec.304 IPC/105 BNS),Sudden Quarrel,10,0,1,0,,,,,,,
67,A - IPC Crime,CULPABLE HOMICIDE NOT AMOUNTING TO MUDER (Sec.304 IPC/105 BNS),Due to Other Causes,68,7,3,7,,,,,,,
68,A - IPC Crime,CULPABLE HOMICIDE NOT AMOUNTING TO MUDER (Sec.304 IPC/105 BNS),Fatal (Drink & Drive),17,0,2,0,,,,,,,
69,A - IPC Crime,ATTEMPT TO CULPABLE HOMICIDE NOT AMOUNTING TO MURDER (Sec. 308 IPC/110 BNS),For Gain,0,0,0,0,,,,,,,
70,A - IPC Crime,ATTEMPT TO CULPABLE HOMICIDE NOT AMOUNTING TO MURDER (Sec. 308 IPC/110 BNS),Over Civil Dispute,2,0,0,0,,,,,,,
71,A - IPC Crime,ATTEMPT TO CULPABLE HOMICIDE NOT AMOUNTING TO MURDER (Sec. 308 IPC/110 BNS),Due to Personal Vendetta or enemity,0,0,0,0,,,,,,,
72,A - IPC Crime,ATTEMPT TO CULPABLE HOMICIDE NOT AMOUNTING TO MURDER (Sec. 308 IPC/110 BNS),Due to Sexual jealousy,0,0,0,0,,,,,,,
73,A - IPC Crime,ATTEMPT TO CULPABLE HOMICIDE NOT AMOUNTING TO MURDER (Sec. 308 IPC/110 BNS),For Dowry,0,0,0,0,,,,,,,
74,A - IPC Crime,ATTEMPT TO CULPABLE HOMICIDE NOT AMOUNTING TO MURDER (Sec. 308 IPC/110 BNS),Due to Communalism,0,0,0,0,,,,,,,
75,A - IPC Crime,ATTEMPT TO CULPABLE HOMICIDE NOT AMOUNTING TO MURDER (Sec. 308 IPC/110 BNS),Due to Casteism,0,0,0,0,,,,,,,
76,A - IPC Crime,ATTEMPT TO CULPABLE HOMICIDE NOT AMOUNTING TO MURDER (Sec. 308 IPC/110 BNS),Witch Craft (Sorcery),0,0,0,0,,,,,,,
77,A - IPC Crime,ATTEMPT TO CULPABLE HOMICIDE NOT AMOUNTING TO MURDER (Sec. 308 IPC/110 BNS),For Human Sacrifice,0,0,0,0,,,,,,,
78,A - IPC Crime,ATTEMPT TO CULPABLE HOMICIDE NOT AMOUNTING TO MURDER (Sec. 308 IPC/110 BNS),Terrorism /Naxalism / Extremism,0,0,0,0,,,,,,,
79,A - IPC Crime,ATTEMPT TO CULPABLE HOMICIDE NOT AMOUNTING TO MURDER (Sec. 308 IPC/110 BNS),For Political Reasons,0,0,0,0,,,,,,,
80,A - IPC Crime,ATTEMPT TO CULPABLE HOMICIDE NOT AMOUNTING TO MURDER (Sec. 308 IPC/110 BNS),Due to Other Causes,46,0,6,8,,,,,,,
81,A - IPC Crime,ATTEMPT TO CULPABLE HOMICIDE NOT AMOUNTING TO MURDER (Sec. 308 IPC/110 BNS),Adultery,1,0,0,0,,,,,,,
82,A - IPC Crime,ATTEMPT TO CULPABLE HOMICIDE NOT AMOUNTING TO MURDER (Sec. 308 IPC/110 BNS),Property Disputes,0,0,0,0,,,,,,,
83,A - IPC Crime,ATTEMPT TO CULPABLE HOMICIDE NOT AMOUNTING TO MURDER (Sec. 308 IPC/110 BNS),Electoral Gain,0,0,0,0,,,,,,,
84,A - IPC Crime,ATTEMPT TO CULPABLE HOMICIDE NOT AMOUNTING TO MURDER (Sec. 308 IPC/110 BNS),Gang Rivalry,0,0,0,0,,,,,,,
85,A - IPC Crime,ATTEMPT TO CULPABLE HOMICIDE NOT AMOUNTING TO MURDER (Sec. 308 IPC/110 BNS),Love Intrigue,2,0,0,0,,,,,,,
86,A - IPC Crime,ATTEMPT TO CULPABLE HOMICIDE NOT AMOUNTING TO MURDER (Sec. 308 IPC/110 BNS),Professional ,0,0,0,0,,,,,,,
87,A - IPC Crime,ATTEMPT TO CULPABLE HOMICIDE NOT AMOUNTING TO MURDER (Sec. 308 IPC/110 BNS),Sudden Quarrel,7,0,1,1,,,,,,,
88,A - IPC Crime,"RAPE (Sec.376, 376(A) to 376 (D) IPC/64 TO 71 BNS)",Custodial Rape,0,0,0,0,,,,,,,
89,A - IPC Crime,"RAPE (Sec.376, 376(A) to 376 (D) IPC/64 TO 71 BNS)",Attempt to Commit,11,0,1,2,,,,,,,
90,A - IPC Crime,"RAPE (Sec.376, 376(A) to 376 (D) IPC/64 TO 71 BNS)",By a Gang,13,2,0,4,,,,,,,
91,A - IPC Crime,"RAPE (Sec.376, 376(A) to 376 (D) IPC/64 TO 71 BNS)",By Parents,2,0,0,0,,,,,,,
92,A - IPC Crime,"RAPE (Sec.376, 376(A) to 376 (D) IPC/64 TO 71 BNS)",By Hospital Staff,4,1,1,0,,,,,,,
93,A - IPC Crime,"RAPE (Sec.376, 376(A) to 376 (D) IPC/64 TO 71 BNS)",By Husband During Sepearation,5,1,1,1,,,,,,,
94,A - IPC Crime,"RAPE (Sec.376, 376(A) to 376 (D) IPC/64 TO 71 BNS)",By Neighbours,32,1,0,2,,,,,,,
95,A - IPC Crime,"RAPE (Sec.376, 376(A) to 376 (D) IPC/64 TO 71 BNS)",By Relatives,26,6,1,1,,,,,,,
96,A - IPC Crime,"RAPE (Sec.376, 376(A) to 376 (D) IPC/64 TO 71 BNS)",In Jail Custody,0,0,0,0,,,,,,,
97,A - IPC Crime,"RAPE (Sec.376, 376(A) to 376 (D) IPC/64 TO 71 BNS)",In Remand Home,0,0,0,0,,,,,,,
98,A - IPC Crime,"RAPE (Sec.376, 376(A) to 376 (D) IPC/64 TO 71 BNS)",InCest,0,0,0,0,,,,,,,
99,A - IPC Crime,"RAPE (Sec.376, 376(A) to 376 (D) IPC/64 TO 71 BNS)",Known Person,278,28,22,21,,,,,,,
100,A - IPC Crime,"RAPE (Sec.376, 376(A) to 376 (D) IPC/64 TO 71 BNS)",Unknown Person,16,0,1,1,,,,,,,
101,A - IPC Crime,"RAPE (Sec.376, 376(A) to 376 (D) IPC/64 TO 71 BNS)",Due to Other Causes,174,15,17,18,,,,,,,
102,A - IPC Crime,"RAPE (Sec.376, 376(A) to 376 (D) IPC/64 TO 71 BNS)",On Minor,0,0,0,0,,,,,,,
103,A - IPC Crime,Sexual Intercourse by employing deceitful means (Se 69 BNS),False promises of marriage,168,1,19,29,,,,,,,
104,A - IPC Crime,Sexual Intercourse by employing deceitful means (Se 69 BNS),Falsely claiming a job promotion or employment,2,0,0,0,,,,,,,
105,A - IPC Crime,Sexual Intercourse by employing deceitful means (Se 69 BNS),Suppressing identity to induce marriage,0,0,0,0,,,,,,,
106,A - IPC Crime,Sexual Intercourse by employing deceitful means (Se 69 BNS),Other,8,0,1,1,,,,,,,
107,A - IPC Crime,"KIDNAPPING AND ABDUCTION (Sec.360, 361, 363 to 369 IPC/137(1)(A),137(1)(B),137(2),140 TO 142,97 BNS)",Missing - Boy,2226,181,210,264,,,,,,,
108,A - IPC Crime,"KIDNAPPING AND ABDUCTION (Sec.360, 361, 363 to 369 IPC/137(1)(A),137(1)(B),137(2),140 TO 142,97 BNS)",Missing - Girl,812,74,83,102,,,,,,,
109,A - IPC Crime,"KIDNAPPING AND ABDUCTION (Sec.360, 361, 363 to 369 IPC/137(1)(A),137(1)(B),137(2),140 TO 142,97 BNS)",For Ransom - of Children,6,3,1,0,,,,,,,
110,A - IPC Crime,"KIDNAPPING AND ABDUCTION (Sec.360, 361, 363 to 369 IPC/137(1)(A),137(1)(B),137(2),140 TO 142,97 BNS)",For Ransom - of Cildren for Begging,0,0,0,0,,,,,,,
111,A - IPC Crime,"KIDNAPPING AND ABDUCTION (Sec.360, 361, 363 to 369 IPC/137(1)(A),137(1)(B),137(2),140 TO 142,97 BNS)",For Ransom - of Women,12,2,3,0,,,,,,,
112,A - IPC Crime,"KIDNAPPING AND ABDUCTION (Sec.360, 361, 363 to 369 IPC/137(1)(A),137(1)(B),137(2),140 TO 142,97 BNS)",For Ransom - of Girls for Immoral Purpose,0,0,0,0,,,,,,,
113,A - IPC Crime,"KIDNAPPING AND ABDUCTION (Sec.360, 361, 363 to 369 IPC/137(1)(A),137(1)(B),137(2),140 TO 142,97 BNS)",For Ransom - of  Others,50,4,4,5,,,,,,,
114,A - IPC Crime,"KIDNAPPING AND ABDUCTION (Sec.360, 361, 363 to 369 IPC/137(1)(A),137(1)(B),137(2),140 TO 142,97 BNS)",Procuration of Minor Girls - For Prostitution,0,0,0,0,,,,,,,
115,A - IPC Crime,"KIDNAPPING AND ABDUCTION (Sec.360, 361, 363 to 369 IPC/137(1)(A),137(1)(B),137(2),140 TO 142,97 BNS)",Procuration of Minor Girls - Importring of Girl,0,0,0,0,,,,,,,
116,A - IPC Crime,"KIDNAPPING AND ABDUCTION (Sec.360, 361, 363 to 369 IPC/137(1)(A),137(1)(B),137(2),140 TO 142,97 BNS)",Procuration of Minor Girls - For other Purpose,12,0,1,3,,,,,,,
117,A - IPC Crime,"KIDNAPPING AND ABDUCTION (Sec.360, 361, 363 to 369 IPC/137(1)(A),137(1)(B),137(2),140 TO 142,97 BNS)",Espionage,0,0,0,0,,,,,,,
118,A - IPC Crime,"KIDNAPPING AND ABDUCTION (Sec.360, 361, 363 to 369 IPC/137(1)(A),137(1)(B),137(2),140 TO 142,97 BNS)",Intent to Steal From Child,0,0,0,0,,,,,,,
119,A - IPC Crime,"KIDNAPPING AND ABDUCTION (Sec.360, 361, 363 to 369 IPC/137(1)(A),137(1)(B),137(2),140 TO 142,97 BNS)",Murder (Homicide),0,0,0,0,,,,,,,
120,A - IPC Crime,"KIDNAPPING AND ABDUCTION (Sec.360, 361, 363 to 369 IPC/137(1)(A),137(1)(B),137(2),140 TO 142,97 BNS)",Obtain Signature Forcibly,0,0,0,0,,,,,,,
121,A - IPC Crime,"KIDNAPPING AND ABDUCTION (Sec.360, 361, 363 to 369 IPC/137(1)(A),137(1)(B),137(2),140 TO 142,97 BNS)",Recovering Loan,2,0,1,0,,,,,,,
122,A - IPC Crime,"KIDNAPPING AND ABDUCTION (Sec.360, 361, 363 to 369 IPC/137(1)(A),137(1)(B),137(2),140 TO 142,97 BNS)",Settling any Disputes,8,0,2,0,,,,,,,
123,A - IPC Crime,"KIDNAPPING AND ABDUCTION (Sec.360, 361, 363 to 369 IPC/137(1)(A),137(1)(B),137(2),140 TO 142,97 BNS)",Unnatural Lust / Illicit Intercourse,0,0,0,0,,,,,,,
124,A - IPC Crime,"KIDNAPPING AND ABDUCTION (Sec.360, 361, 363 to 369 IPC/137(1)(A),137(1)(B),137(2),140 TO 142,97 BNS)",Wrongful Confinement,10,2,0,1,,,,,,,
125,A - IPC Crime,"KIDNAPPING AND ABDUCTION (Sec.360, 361, 363 to 369 IPC/137(1)(A),137(1)(B),137(2),140 TO 142,97 BNS)",For Exporting,0,0,0,0,,,,,,,
126,A - IPC Crime,"KIDNAPPING AND ABDUCTION (Sec.360, 361, 363 to 369 IPC/137(1)(A),137(1)(B),137(2),140 TO 142,97 BNS)",From Lawful Guardianship,5,0,0,1,,,,,,,
127,A - IPC Crime,"KIDNAPPING AND ABDUCTION (Sec.360, 361, 363 to 369 IPC/137(1)(A),137(1)(B),137(2),140 TO 142,97 BNS)",For Camel Racing Etc.,0,0,0,0,,,,,,,
128,A - IPC Crime,"KIDNAPPING AND ABDUCTION (Sec.360, 361, 363 to 369 IPC/137(1)(A),137(1)(B),137(2),140 TO 142,97 BNS)",To Compel For Marriage,6,2,0,2,,,,,,,
129,A - IPC Crime,"KIDNAPPING AND ABDUCTION (Sec.360, 361, 363 to 369 IPC/137(1)(A),137(1)(B),137(2),140 TO 142,97 BNS)",For Slavery,1,0,1,0,,,,,,,
130,A - IPC Crime,"KIDNAPPING AND ABDUCTION (Sec.360, 361, 363 to 369 IPC/137(1)(A),137(1)(B),137(2),140 TO 142,97 BNS)",For Stealing From its Person,1,0,0,0,,,,,,,
131,A - IPC Crime,"KIDNAPPING AND ABDUCTION (Sec.360, 361, 363 to 369 IPC/137(1)(A),137(1)(B),137(2),140 TO 142,97 BNS)",Others,328,34,29,43,,,,,,,
132,A - IPC Crime,"DACOITY (Sec. 395 to 398 IPC/310(2),310(4),311,312 BNS)",At ATM,0,0,0,0,,,,,,,
133,A - IPC Crime,"DACOITY (Sec. 395 to 398 IPC/310(2),310(4),311,312 BNS)",At Residential Premises,25,0,2,1,,,,,,,
134,A - IPC Crime,"DACOITY (Sec. 395 to 398 IPC/310(2),310(4),311,312 BNS)",On Highways,15,0,1,3,,,,,,,
135,A - IPC Crime,"DACOITY (Sec. 395 to 398 IPC/310(2),310(4),311,312 BNS)",In Trains,1,0,0,0,,,,,,,
136,A - IPC Crime,"DACOITY (Sec. 395 to 398 IPC/310(2),310(4),311,312 BNS)",At Banks,1,0,0,0,,,,,,,
137,A - IPC Crime,"DACOITY (Sec. 395 to 398 IPC/310(2),310(4),311,312 BNS)",At Commercial Places / Establishments,8,2,0,0,,,,,,,
138,A - IPC Crime,"DACOITY (Sec. 395 to 398 IPC/310(2),310(4),311,312 BNS)",On Other Roads,33,1,7,4,,,,,,,
139,A - IPC Crime,"DACOITY (Sec. 395 to 398 IPC/310(2),310(4),311,312 BNS)",In Other Places,32,5,2,9,,,,,,,
140,A - IPC Crime,"DACOITY (Sec. 395 to 398 IPC/310(2),310(4),311,312 BNS)",River & Sea,0,0,0,0,,,,,,,
141,A - IPC Crime,"DACOITY (Sec. 395 to 398 IPC/310(2),310(4),311,312 BNS)",Preparation And Assembly for Dacoity,53,6,3,6,,,,,,,
142,A - IPC Crime,"Robbery (Sec.392 to 394 IPC/309(4),309(5),309(6) BNS)",At ATM,0,0,0,0,,,,,,,
143,A - IPC Crime,"Robbery (Sec.392 to 394 IPC/309(4),309(5),309(6) BNS)",At Residential Premises,83,10,7,13,,,,,,,
144,A - IPC Crime,"Robbery (Sec.392 to 394 IPC/309(4),309(5),309(6) BNS)",On Highways,54,3,10,5,,,,,,,
145,A - IPC Crime,"Robbery (Sec.392 to 394 IPC/309(4),309(5),309(6) BNS)",In Trains,1,0,1,0,,,,,,,
146,A - IPC Crime,"Robbery (Sec.392 to 394 IPC/309(4),309(5),309(6) BNS)",At Banks,1,0,1,0,,,,,,,
147,A - IPC Crime,"Robbery (Sec.392 to 394 IPC/309(4),309(5),309(6) BNS)",At Commercial Places / Establishments,36,10,4,3,,,,,,,
148,A - IPC Crime,"Robbery (Sec.392 to 394 IPC/309(4),309(5),309(6) BNS)",In Other Places,274,35,32,35,,,,,,,
149,A - IPC Crime,"Robbery (Sec.392 to 394 IPC/309(4),309(5),309(6) BNS)",Chain Snatching,390,36,28,36,,,,,,,
150,A - IPC Crime,"Robbery (Sec.392 to 394 IPC/309(4),309(5),309(6) BNS)",Attempt to Commit,44,2,7,7,,,,,,,
151,A - IPC Crime,"BURGLARY - NIGHT (Sec. 380 IPC R/W 453 TO 460, 462 IPC/305,R/W 331(1) TO 331(8),334(2) BNS)",At Residential Premises,2004,234,180,233,,,,,,,
152,A - IPC Crime,"BURGLARY - NIGHT (Sec. 380 IPC R/W 453 TO 460, 462 IPC/305,R/W 331(1) TO 331(8),334(2) BNS)",On Highways,1,0,0,0,,,,,,,
153,A - IPC Crime,"BURGLARY - NIGHT (Sec. 380 IPC R/W 453 TO 460, 462 IPC/305,R/W 331(1) TO 331(8),334(2) BNS)",In Trains,0,0,0,0,,,,,,,
154,A - IPC Crime,"BURGLARY - NIGHT (Sec. 380 IPC R/W 453 TO 460, 462 IPC/305,R/W 331(1) TO 331(8),334(2) BNS)",At Banks,27,6,6,1,,,,,,,
155,A - IPC Crime,"BURGLARY - NIGHT (Sec. 380 IPC R/W 453 TO 460, 462 IPC/305,R/W 331(1) TO 331(8),334(2) BNS)",At Commercial Places / Establishments,541,75,52,49,,,,,,,
156,A - IPC Crime,"BURGLARY - NIGHT (Sec. 380 IPC R/W 453 TO 460, 462 IPC/305,R/W 331(1) TO 331(8),334(2) BNS)",In Other Places,392,47,35,38,,,,,,,
157,A - IPC Crime,"BURGLARY - NIGHT (Sec. 380 IPC R/W 453 TO 460, 462 IPC/305,R/W 331(1) TO 331(8),334(2) BNS)",Temple Theft,306,26,33,54,,,,,,,
158,A - IPC Crime,"BURGLARY - DAY (Sec. 380 IPC R/W 453 TO 460, 462 IPC/305,R/W 331(1) TO 331(8), 334(2) BNS)",At Residential Premises,796,85,87,71,,,,,,,
159,A - IPC Crime,"BURGLARY - DAY (Sec. 380 IPC R/W 453 TO 460, 462 IPC/305,R/W 331(1) TO 331(8), 334(2) BNS)",On Highways,0,0,0,0,,,,,,,
160,A - IPC Crime,"BURGLARY - DAY (Sec. 380 IPC R/W 453 TO 460, 462 IPC/305,R/W 331(1) TO 331(8), 334(2) BNS)",In Trains,0,0,0,0,,,,,,,
161,A - IPC Crime,"BURGLARY - DAY (Sec. 380 IPC R/W 453 TO 460, 462 IPC/305,R/W 331(1) TO 331(8), 334(2) BNS)",At Banks,1,0,0,0,,,,,,,
162,A - IPC Crime,"BURGLARY - DAY (Sec. 380 IPC R/W 453 TO 460, 462 IPC/305,R/W 331(1) TO 331(8), 334(2) BNS)",At Commercial Places / Establishments,31,0,3,3,,,,,,,
163,A - IPC Crime,"BURGLARY - DAY (Sec. 380 IPC R/W 453 TO 460, 462 IPC/305,R/W 331(1) TO 331(8), 334(2) BNS)",In Other Places,35,7,3,3,,,,,,,
164,A - IPC Crime,"BURGLARY - DAY (Sec. 380 IPC R/W 453 TO 460, 462 IPC/305,R/W 331(1) TO 331(8), 334(2) BNS)",Temple Theft,13,8,3,1,,,,,,,
165,A - IPC Crime,THEFT (Sec.379 to 389 IPC/303(2) TO 308(7) BNS),Attempt to commit,42,0,5,4,,,,,,,
166,A - IPC Crime,THEFT (Sec.379 to 389 IPC/303(2) TO 308(7) BNS),Of Automobiles - Of Tractors,72,10,3,8,,,,,,,
167,A - IPC Crime,THEFT (Sec.379 to 389 IPC/303(2) TO 308(7) BNS),In Running Bus,85,18,6,12,,,,,,,
168,A - IPC Crime,THEFT (Sec.379 to 389 IPC/303(2) TO 308(7) BNS),Of Snatching,454,41,37,43,,,,,,,
169,A - IPC Crime,THEFT (Sec.379 to 389 IPC/303(2) TO 308(7) BNS),At ATM,24,1,3,4,,,,,,,
170,A - IPC Crime,THEFT (Sec.379 to 389 IPC/303(2) TO 308(7) BNS),Of Sand,1066,70,79,117,,,,,,,
171,A - IPC Crime,THEFT (Sec.379 to 389 IPC/303(2) TO 308(7) BNS),Government Office,31,3,5,5,,,,,,,
172,A - IPC Crime,THEFT (Sec.379 to 389 IPC/303(2) TO 308(7) BNS),Of Mines,84,2,7,24,,,,,,,
173,A - IPC Crime,THEFT (Sec.379 to 389 IPC/303(2) TO 308(7) BNS),Communication And Elec. Wire,232,27,24,23,,,,,,,
174,A - IPC Crime,THEFT (Sec.379 to 389 IPC/303(2) TO 308(7) BNS),Of Cattle,459,53,59,42,,,,,,,
175,A - IPC Crime,THEFT (Sec.379 to 389 IPC/303(2) TO 308(7) BNS),Of Cycle,26,5,1,5,,,,,,,
176,A - IPC Crime,THEFT (Sec.379 to 389 IPC/303(2) TO 308(7) BNS),Of Automobiles - Of Lorries/Trucks,93,4,7,4,,,,,,,
177,A - IPC Crime,THEFT (Sec.379 to 389 IPC/303(2) TO 308(7) BNS),Of Automobiles - Of Buses,1,0,0,0,,,,,,,
178,A - IPC Crime,THEFT (Sec.379 to 389 IPC/303(2) TO 308(7) BNS),Of Automobiles - Of Cars / Jeeps,216,20,22,28,,,,,,,
179,A - IPC Crime,THEFT (Sec.379 to 389 IPC/303(2) TO 308(7) BNS),Of Automobiles - Of Two Wheelers ,7395,790,689,755,,,,,,,
180,A - IPC Crime,THEFT (Sec.379 to 389 IPC/303(2) TO 308(7) BNS),Of Automobies - of Three Wheelers,192,17,10,20,,,,,,,
181,A - IPC Crime,THEFT (Sec.379 to 389 IPC/303(2) TO 308(7) BNS),Of Accessories of Motor Vehicle,199,25,17,15,,,,,,,
182,A - IPC Crime,THEFT (Sec.379 to 389 IPC/303(2) TO 308(7) BNS),Govt. Vehicle,2,0,0,0,,,,,,,
183,A - IPC Crime,THEFT (Sec.379 to 389 IPC/303(2) TO 308(7) BNS),"Electronic Goods (Radio, TV, VCR, Acs, Office Automation Equipments)",841,83,100,79,,,,,,,
184,A - IPC Crime,THEFT (Sec.379 to 389 IPC/303(2) TO 308(7) BNS),Of Fire Arms,9,4,1,1,,,,,,,
185,A - IPC Crime,THEFT (Sec.379 to 389 IPC/303(2) TO 308(7) BNS),Of Explosives,1,0,0,0,,,,,,,
186,A - IPC Crime,THEFT (Sec.379 to 389 IPC/303(2) TO 308(7) BNS),Of Cultural - Idols,10,0,2,0,,,,,,,
187,A - IPC Crime,THEFT (Sec.379 to 389 IPC/303(2) TO 308(7) BNS),Of Cultural - Painting,0,0,0,0,,,,,,,
188,A - IPC Crime,THEFT (Sec.379 to 389 IPC/303(2) TO 308(7) BNS),Of Cultrual - Others,209,13,27,26,,,,,,,
189,A - IPC Crime,THEFT (Sec.379 to 389 IPC/303(2) TO 308(7) BNS),Cash,425,41,45,45,,,,,,,
190,A - IPC Crime,THEFT (Sec.379 to 389 IPC/303(2) TO 308(7) BNS),Jewellery,1238,148,110,117,,,,,,,
191,A - IPC Crime,THEFT (Sec.379 to 389 IPC/303(2) TO 308(7) BNS),Other Items Not Included Above,1369,135,114,137,,,,,,,
192,A - IPC Crime,THEFT (Sec.379 to 389 IPC/303(2) TO 308(7) BNS),In Running Train,43,8,3,5,,,,,,,
193,A - IPC Crime,THEFT (Sec.379 to 389 IPC/303(2) TO 308(7) BNS),Extortion,234,29,21,30,,,,,,,
194,A - IPC Crime,THEFT (Sec.379 to 389 IPC/303(2) TO 308(7) BNS),House Theft,1590,170,160,200,,,,,,,
195,A - IPC Crime,THEFT (Sec.379 to 389 IPC/303(2) TO 308(7) BNS),Servant Theft,434,49,51,55,,,,,,,
196,A - IPC Crime,"RIOTS (Sec.141 to 153 IPC/189(1) TO 189(6),191(1)TO 191(3), 190,192,195 BNS))",Land Dispute,865,54,81,68,,,,,,,
197,A - IPC Crime,"RIOTS (Sec.141 to 153 IPC/189(1) TO 189(6),191(1)TO 191(3), 190,192,195 BNS))",Employee - Govt.,2,1,0,0,,,,,,,
198,A - IPC Crime,"RIOTS (Sec.141 to 153 IPC/189(1) TO 189(6),191(1)TO 191(3), 190,192,195 BNS))",Labour - Private Sector,1,0,0,0,,,,,,,
199,A - IPC Crime,"RIOTS (Sec.141 to 153 IPC/189(1) TO 189(6),191(1)TO 191(3), 190,192,195 BNS))",Labour - Public Sector,1,0,0,0,,,,,,,
200,A - IPC Crime,"RIOTS (Sec.141 to 153 IPC/189(1) TO 189(6),191(1)TO 191(3), 190,192,195 BNS))",Linguistic,4,0,1,1,,,,,,,
201,A - IPC Crime,"RIOTS (Sec.141 to 153 IPC/189(1) TO 189(6),191(1)TO 191(3), 190,192,195 BNS))",Political ,4,1,0,0,,,,,,,
202,A - IPC Crime,"RIOTS (Sec.141 to 153 IPC/189(1) TO 189(6),191(1)TO 191(3), 190,192,195 BNS))",Regional,3,0,0,0,,,,,,,
203,A - IPC Crime,"RIOTS (Sec.141 to 153 IPC/189(1) TO 189(6),191(1)TO 191(3), 190,192,195 BNS))",Sectarian,0,0,0,0,,,,,,,
204,A - IPC Crime,"RIOTS (Sec.141 to 153 IPC/189(1) TO 189(6),191(1)TO 191(3), 190,192,195 BNS))",Students,3,1,0,1,,,,,,,
205,A - IPC Crime,"RIOTS (Sec.141 to 153 IPC/189(1) TO 189(6),191(1)TO 191(3), 190,192,195 BNS))",Tribal,0,0,0,0,,,,,,,
206,A - IPC Crime,"RIOTS (Sec.141 to 153 IPC/189(1) TO 189(6),191(1)TO 191(3), 190,192,195 BNS))",Due to Village Disputes,11,2,0,1,,,,,,,
207,A - IPC Crime,"RIOTS (Sec.141 to 153 IPC/189(1) TO 189(6),191(1)TO 191(3), 190,192,195 BNS))",Communal,4,1,1,0,,,,,,,
208,A - IPC Crime,"RIOTS (Sec.141 to 153 IPC/189(1) TO 189(6),191(1)TO 191(3), 190,192,195 BNS))",Industrial,3,0,0,0,,,,,,,
209,A - IPC Crime,"RIOTS (Sec.141 to 153 IPC/189(1) TO 189(6),191(1)TO 191(3), 190,192,195 BNS))",Caste,5,0,2,0,,,,,,,
210,A - IPC Crime,"RIOTS (Sec.141 to 153 IPC/189(1) TO 189(6),191(1)TO 191(3), 190,192,195 BNS))",Agrarian,0,0,0,0,,,,,,,
211,A - IPC Crime,"RIOTS (Sec.141 to 153 IPC/189(1) TO 189(6),191(1)TO 191(3), 190,192,195 BNS))",Others,1952,146,179,204,,,,,,,
212,A - IPC Crime,"OFFENCES AGAINST STATE (Sec. 121 to 130, except 124(A) IPC/147 TO 158 BNS)",NA,0,0,0,0,,,,,,,
213,A - IPC Crime,"OFFENCES PROMOTING ENEMITY (Sec. 153(A), 154(B) & 505 IPC/196, 197 & 353 BNS",NA,169,10,19,17,,,,,,,
214,A - IPC Crime,CRIMINAL BREACH OF TRUST (Sec. 406 to 409 IPC/316(2) to 316(5) BNS),NA,611,42,68,56,,,,,,,
215,A - IPC Crime,"CHEATING (Sec.417 to 420 IPC/318(2)to 318(4), 319(2) BNS)",NA,4730,472,509,508,,,,,,,
216,A - IPC Crime,"COUNTERFEITING (Sec. 231 to 263 (A), 489(A) to 489 (E) IPC/178 TO 185 BNS)","Stock Share, Debentrue Certificate",0,0,0,0,,,,,,,
217,A - IPC Crime,"COUNTERFEITING (Sec. 231 to 263 (A), 489(A) to 489 (E) IPC/178 TO 185 BNS)",Usage of Counterfeit Stamp,0,0,0,0,,,,,,,
218,A - IPC Crime,"COUNTERFEITING (Sec. 231 to 263 (A), 489(A) to 489 (E) IPC/178 TO 185 BNS)",Of Coins (Sec 231 to 254 IPC),0,0,0,0,,,,,,,
219,A - IPC Crime,"COUNTERFEITING (Sec. 231 to 263 (A), 489(A) to 489 (E) IPC/178 TO 185 BNS)",Of Stamps (Sec.255 to 263(A) IPC),0,0,0,0,,,,,,,
220,A - IPC Crime,"COUNTERFEITING (Sec. 231 to 263 (A), 489(A) to 489 (E) IPC/178 TO 185 BNS)",Of Currency Notes And Bank Notes (Sec. 489 (A) to 489 (E) IPC),27,1,0,2,,,,,,,
221,A - IPC Crime,"COUNTERFEITING (Sec. 231 to 263 (A), 489(A) to 489 (E) IPC/178 TO 185 BNS)",Of Others,0,1,0,0,,,,,,,
222,A - IPC Crime,"FORGERY (Sec. 465, 468, 471, 473, 476, 477 & 477(A) IPC/336(2),336(3),340(2),341(2),342(2),343,
344 BNS)",Forgery  ,373,29,40,39,,,,,,,
223,A - IPC Crime,"FORGERY (Sec. 465, 468, 471, 473, 476, 477 & 477(A) IPC/336(2),336(3),340(2),341(2),342(2),343,
344 BNS)",Organised (Racket),0,0,0,0,,,,,,,
224,A - IPC Crime,"FORGERY (Sec. 465, 468, 471, 473, 476, 477 & 477(A) IPC/336(2),336(3),340(2),341(2),342(2),343,
344 BNS)",Forgery of Passport,0,0,0,0,,,,,,,
225,A - IPC Crime,"FORGERY (Sec. 465, 468, 471, 473, 476, 477 & 477(A) IPC/336(2),336(3),340(2),341(2),342(2),343,
344 BNS)",Other Forgery,131,13,22,5,,,,,,,
226,A - IPC Crime,"CASES OF HURT (Sec. 323 to 335 IPC except 328, 332, 333/115(2) TO 122(2) EXCEPT 121(1),121(2) BNS)",Acid Attack (326(a)),6,0,0,0,,,,,,,
227,A - IPC Crime,"CASES OF HURT (Sec. 323 to 335 IPC except 328, 332, 333/115(2) TO 122(2) EXCEPT 121(1),121(2) BNS)",Attempt to Acid Attack (326(b)),1,0,0,0,,,,,,,
228,A - IPC Crime,"CASES OF HURT (Sec. 323 to 335 IPC except 328, 332, 333/115(2) TO 122(2) EXCEPT 121(1),121(2) BNS)",Grievous Hurt,1004,103,75,89,,,,,,,
229,A - IPC Crime,"CASES OF HURT (Sec. 323 to 335 IPC except 328, 332, 333/115(2) TO 122(2) EXCEPT 121(1),121(2) BNS)",Simple Hurt,12839,1177,1243,1317,,,,,,,
230,A - IPC Crime,"CASES OF HURT (Sec. 323 to 335 IPC except 328, 332, 333/115(2) TO 122(2) EXCEPT 121(1),121(2) BNS)",Custodial,2,0,0,1,,,,,,,
231,A - IPC Crime,"ADULTERATION (Sec. 272, 273 to 276 IPC/274,275 TO 278 BNS)",Attempt to Commit,0,0,0,0,,,,,,,
232,A - IPC Crime,"ADULTERATION (Sec. 272, 273 to 276 IPC/274,275 TO 278 BNS)",Alcoholic Drink (Liquor),4,0,0,0,,,,,,,
233,A - IPC Crime,"ADULTERATION (Sec. 272, 273 to 276 IPC/274,275 TO 278 BNS)",Cement & Chemical/Fertiliser,0,0,0,0,,,,,,,
234,A - IPC Crime,"ADULTERATION (Sec. 272, 273 to 276 IPC/274,275 TO 278 BNS)",Cosmetics,0,0,0,0,,,,,,,
235,A - IPC Crime,"ADULTERATION (Sec. 272, 273 to 276 IPC/274,275 TO 278 BNS)",Diesel,0,0,0,0,,,,,,,
236,A - IPC Crime,"ADULTERATION (Sec. 272, 273 to 276 IPC/274,275 TO 278 BNS)",Drug/Medicine,5,0,1,0,,,,,,,
237,A - IPC Crime,"ADULTERATION (Sec. 272, 273 to 276 IPC/274,275 TO 278 BNS)",Edible Oil,0,0,0,0,,,,,,,
238,A - IPC Crime,"ADULTERATION (Sec. 272, 273 to 276 IPC/274,275 TO 278 BNS)",Food Grain,2,0,0,0,,,,,,,
239,A - IPC Crime,"ADULTERATION (Sec. 272, 273 to 276 IPC/274,275 TO 278 BNS)",Kerosene,0,0,0,0,,,,,,,
240,A - IPC Crime,"ADULTERATION (Sec. 272, 273 to 276 IPC/274,275 TO 278 BNS)",Life Saving Drug,0,0,0,0,,,,,,,
241,A - IPC Crime,"ADULTERATION (Sec. 272, 273 to 276 IPC/274,275 TO 278 BNS)",Mobile Oil,0,0,0,0,,,,,,,
242,A - IPC Crime,"ADULTERATION (Sec. 272, 273 to 276 IPC/274,275 TO 278 BNS)",Petrol,0,0,0,0,,,,,,,
243,A - IPC Crime,"ADULTERATION (Sec. 272, 273 to 276 IPC/274,275 TO 278 BNS)",Petroleum Product,0,0,0,0,,,,,,,
244,A - IPC Crime,"ADULTERATION (Sec. 272, 273 to 276 IPC/274,275 TO 278 BNS)",Soft Drinks,0,0,0,0,,,,,,,
245,A - IPC Crime,"ADULTERATION (Sec. 272, 273 to 276 IPC/274,275 TO 278 BNS)",Spices,0,0,0,0,,,,,,,
246,A - IPC Crime,"ADULTERATION (Sec. 272, 273 to 276 IPC/274,275 TO 278 BNS)",Others,7,1,0,0,,,,,,,
247,A - IPC Crime,AFFRAY (Sec. 160 IPC/194(2) BNS),NA,603,38,72,57,,,,,,,
248,A - IPC Crime,"ARSON (Sec. 435, 436, 438 IPC/326(f),326(g),327(g) BNS)",Agricultural Produce,32,8,0,1,,,,,,,
249,A - IPC Crime,"ARSON (Sec. 435, 436, 438 IPC/326(f),326(g),327(g) BNS)",Attemp to Commit,0,0,0,0,,,,,,,
250,A - IPC Crime,"ARSON (Sec. 435, 436, 438 IPC/326(f),326(g),327(g) BNS)",Boat / Ship,0,0,0,0,,,,,,,
251,A - IPC Crime,"ARSON (Sec. 435, 436, 438 IPC/326(f),326(g),327(g) BNS)",Dwelling House,17,1,2,1,,,,,,,
252,A - IPC Crime,"ARSON (Sec. 435, 436, 438 IPC/326(f),326(g),327(g) BNS)",Educational Institution,1,0,0,0,,,,,,,
253,A - IPC Crime,"ARSON (Sec. 435, 436, 438 IPC/326(f),326(g),327(g) BNS)",Govt. Property,3,1,0,0,,,,,,,
254,A - IPC Crime,"ARSON (Sec. 435, 436, 438 IPC/326(f),326(g),327(g) BNS)",Industrial Establishment,0,0,0,0,,,,,,,
255,A - IPC Crime,"ARSON (Sec. 435, 436, 438 IPC/326(f),326(g),327(g) BNS)",Place of worship,1,0,0,0,,,,,,,
256,A - IPC Crime,"ARSON (Sec. 435, 436, 438 IPC/326(f),326(g),327(g) BNS)",Public Place,9,1,1,0,,,,,,,
257,A - IPC Crime,"ARSON (Sec. 435, 436, 438 IPC/326(f),326(g),327(g) BNS)",Railway Property,0,0,0,0,,,,,,,
258,A - IPC Crime,"ARSON (Sec. 435, 436, 438 IPC/326(f),326(g),327(g) BNS)",Vital Installation,0,0,0,0,,,,,,,
259,A - IPC Crime,"ARSON (Sec. 435, 436, 438 IPC/326(f),326(g),327(g) BNS)",Warehouse (Godown),2,1,0,0,,,,,,,
260,A - IPC Crime,"ARSON (Sec. 435, 436, 438 IPC/326(f),326(g),327(g) BNS)",Others,94,7,7,9,,,,,,,
261,A - IPC Crime,"ASSAULT (Sec 356, 357 IPC/134,135 BNS)",Attempt To Commit,5,0,1,0,,,,,,,
262,A - IPC Crime,"ASSAULT (Sec 356, 357 IPC/134,135 BNS)",On Contractor,1,0,1,0,,,,,,,
263,A - IPC Crime,"ASSAULT (Sec 356, 357 IPC/134,135 BNS)",On Domestic Servant,0,0,0,0,,,,,,,
264,A - IPC Crime,"ASSAULT (Sec 356, 357 IPC/134,135 BNS)",On Labourer,2,0,0,0,,,,,,,
265,A - IPC Crime,"ASSAULT (Sec 356, 357 IPC/134,135 BNS)",On Man (General),12,4,1,1,,,,,,,
266,A - IPC Crime,"ASSAULT (Sec 356, 357 IPC/134,135 BNS)",On Man (SC),0,0,0,0,,,,,,,
267,A - IPC Crime,"ASSAULT (Sec 356, 357 IPC/134,135 BNS)",On Man (ST),0,0,0,0,,,,,,,
268,A - IPC Crime,"ASSAULT (Sec 356, 357 IPC/134,135 BNS)",On Manager/Executive (Other Than Public Servant),0,0,0,0,,,,,,,
269,A - IPC Crime,"ASSAULT (Sec 356, 357 IPC/134,135 BNS)","On Member of Clergy (Christian, Budhist, Jain, Sikh)",1,0,0,1,,,,,,,
270,A - IPC Crime,"ASSAULT (Sec 356, 357 IPC/134,135 BNS)",Member of Legislative Assembly / Council (MLA/MLC),0,0,0,0,,,,,,,
271,A - IPC Crime,"ASSAULT (Sec 356, 357 IPC/134,135 BNS)",On Member of Parliament (MP),0,0,0,0,,,,,,,
272,A - IPC Crime,"ASSAULT (Sec 356, 357 IPC/134,135 BNS)",On other Dignitaries /Public Figures,2,0,1,0,,,,,,,
273,A - IPC Crime,"ASSAULT (Sec 356, 357 IPC/134,135 BNS)",On Press,0,0,0,0,,,,,,,
274,A - IPC Crime,"ASSAULT (Sec 356, 357 IPC/134,135 BNS)",On Professional ,0,0,0,0,,,,,,,
275,A - IPC Crime,"ASSAULT (Sec 356, 357 IPC/134,135 BNS)",On Public Servant,0,0,0,0,,,,,,,
276,A - IPC Crime,"ASSAULT (Sec 356, 357 IPC/134,135 BNS)",On Student,0,0,0,0,,,,,,,
277,A - IPC Crime,"ASSAULT (Sec 356, 357 IPC/134,135 BNS)",On Teacher,0,0,0,0,,,,,,,
278,A - IPC Crime,"ASSAULT (Sec 356, 357 IPC/134,135 BNS)",On Women (General),1,1,0,1,,,,,,,
279,A - IPC Crime,"ASSAULT (Sec 356, 357 IPC/134,135 BNS)",On Woman (SC),0,0,0,0,,,,,,,
280,A - IPC Crime,"ASSAULT (Sec 356, 357 IPC/134,135 BNS)",On Woman (ST),0,0,0,0,,,,,,,
281,A - IPC Crime,COMMUNAL / RELIGION (Sec. 295 to 297 IPC/298 TO 301 BNS),Attempt to Commit,3,1,1,0,,,,,,,
282,A - IPC Crime,COMMUNAL / RELIGION (Sec. 295 to 297 IPC/298 TO 301 BNS),Caste Issue,5,1,1,0,,,,,,,
283,A - IPC Crime,COMMUNAL / RELIGION (Sec. 295 to 297 IPC/298 TO 301 BNS),Communal Issue,59,14,12,9,,,,,,,
284,A - IPC Crime,COMMUNAL / RELIGION (Sec. 295 to 297 IPC/298 TO 301 BNS),Linguistic Issue,0,0,0,0,,,,,,,
285,A - IPC Crime,COMMUNAL / RELIGION (Sec. 295 to 297 IPC/298 TO 301 BNS),Political Issue,1,0,0,0,,,,,,,
286,A - IPC Crime,COMMUNAL / RELIGION (Sec. 295 to 297 IPC/298 TO 301 BNS),Racial/Ethnic Issue,0,0,0,0,,,,,,,
287,A - IPC Crime,COMMUNAL / RELIGION (Sec. 295 to 297 IPC/298 TO 301 BNS),Regional Issue,17,2,4,2,,,,,,,
288,A - IPC Crime,COMMUNAL / RELIGION (Sec. 295 to 297 IPC/298 TO 301 BNS),Religious Issue,85,11,12,9,,,,,,,
289,A - IPC Crime,COMMUNAL / RELIGION (Sec. 295 to 297 IPC/298 TO 301 BNS),Sectarian Issue,0,0,0,0,,,,,,,
290,A - IPC Crime,COMMUNAL / RELIGION (Sec. 295 to 297 IPC/298 TO 301 BNS),Others,72,3,8,6,,,,,,,
291,A - IPC Crime,"CRIMINAL CONSPIRACY (Sec. 120(B), 121(A) IPC/61(2),148 BNS)",Conspiracy To Wage War,0,0,0,0,,,,,,,
292,A - IPC Crime,"CRIMINAL CONSPIRACY (Sec. 120(B), 121(A) IPC/61(2),148 BNS)",Related to Substantive Offence,1,0,0,1,,,,,,,
293,A - IPC Crime,"CRIMINAL CONSPIRACY (Sec. 120(B), 121(A) IPC/61(2),148 BNS)",Others,13,2,3,1,,,,,,,
294,A - IPC Crime,CRIMINAL INTIMIDATION (Sec. 504 to 508 IPC/352 TO 354 BNS),N A,2725,229,297,265,,,,,,,
295,A - IPC Crime,"CRIMINAL MISAPPROPRIATION (Sec. 403, 404 IPC/314,315 BNS)",Attempt to Commit,0,0,0,0,,,,,,,
296,A - IPC Crime,"CRIMINAL MISAPPROPRIATION (Sec. 403, 404 IPC/314,315 BNS)",Bank,1,0,0,0,,,,,,,
297,A - IPC Crime,"CRIMINAL MISAPPROPRIATION (Sec. 403, 404 IPC/314,315 BNS)",Business Establishment,1,0,0,0,,,,,,,
298,A - IPC Crime,"CRIMINAL MISAPPROPRIATION (Sec. 403, 404 IPC/314,315 BNS)",Charitable Organisation,0,0,0,0,,,,,,,
299,A - IPC Crime,"CRIMINAL MISAPPROPRIATION (Sec. 403, 404 IPC/314,315 BNS)",Chitfund Organisation,0,0,0,0,,,,,,,
300,A - IPC Crime,"CRIMINAL MISAPPROPRIATION (Sec. 403, 404 IPC/314,315 BNS)",Co-operative Organisation,3,0,0,0,,,,,,,
301,A - IPC Crime,"CRIMINAL MISAPPROPRIATION (Sec. 403, 404 IPC/314,315 BNS)",Commercial Establishment/Shop,0,0,0,0,,,,,,,
302,A - IPC Crime,"CRIMINAL MISAPPROPRIATION (Sec. 403, 404 IPC/314,315 BNS)",Customs Department,0,0,0,0,,,,,,,
303,A - IPC Crime,"CRIMINAL MISAPPROPRIATION (Sec. 403, 404 IPC/314,315 BNS)",Excise Department,0,0,0,0,,,,,,,
304,A - IPC Crime,"CRIMINAL MISAPPROPRIATION (Sec. 403, 404 IPC/314,315 BNS)",Financial Institution,1,0,0,0,,,,,,,
305,A - IPC Crime,"CRIMINAL MISAPPROPRIATION (Sec. 403, 404 IPC/314,315 BNS)",Income Tax Department,0,0,0,1,,,,,,,
306,A - IPC Crime,"CRIMINAL MISAPPROPRIATION (Sec. 403, 404 IPC/314,315 BNS)",Other Government Organisation,1,0,0,0,,,,,,,
307,A - IPC Crime,"CRIMINAL MISAPPROPRIATION (Sec. 403, 404 IPC/314,315 BNS)",Postal Department,0,0,0,0,,,,,,,
308,A - IPC Crime,"CRIMINAL MISAPPROPRIATION (Sec. 403, 404 IPC/314,315 BNS)",Public Sector Undertakings,0,0,0,0,,,,,,,
309,A - IPC Crime,"CRIMINAL MISAPPROPRIATION (Sec. 403, 404 IPC/314,315 BNS)",Railway Department,0,0,0,0,,,,,,,
310,A - IPC Crime,"CRIMINAL MISAPPROPRIATION (Sec. 403, 404 IPC/314,315 BNS)",Revenue Department,0,0,0,0,,,,,,,
311,A - IPC Crime,"CRIMINAL MISAPPROPRIATION (Sec. 403, 404 IPC/314,315 BNS)",Sales Tax Department,0,0,0,0,,,,,,,
312,A - IPC Crime,"CRIMINAL MISAPPROPRIATION (Sec. 403, 404 IPC/314,315 BNS)",Social Organisation (Aided) (N),0,0,0,0,,,,,,,
313,A - IPC Crime,"CRIMINAL MISAPPROPRIATION (Sec. 403, 404 IPC/314,315 BNS)",Transport Authority,0,0,0,0,,,,,,,
314,A - IPC Crime,"CRIMINAL MISAPPROPRIATION (Sec. 403, 404 IPC/314,315 BNS)",Trust - Other than religious,1,0,0,0,,,,,,,
315,A - IPC Crime,"CRIMINAL MISAPPROPRIATION (Sec. 403, 404 IPC/314,315 BNS)",Trust - Religious,0,0,0,0,,,,,,,
316,A - IPC Crime,"CRIMINAL MISAPPROPRIATION (Sec. 403, 404 IPC/314,315 BNS)",Others,9,1,3,2,,,,,,,
317,A - IPC Crime,CRIMINAL TRESPASS (Sec.447 to 452 IPC/329(3) TO 333 BNS),Attempt to Commit,9,1,0,1,,,,,,,
318,A - IPC Crime,CRIMINAL TRESPASS (Sec.447 to 452 IPC/329(3) TO 333 BNS),Club,4,1,0,0,,,,,,,
319,A - IPC Crime,CRIMINAL TRESPASS (Sec.447 to 452 IPC/329(3) TO 333 BNS),Hostel,5,0,0,3,,,,,,,
320,A - IPC Crime,CRIMINAL TRESPASS (Sec.447 to 452 IPC/329(3) TO 333 BNS),Hotel,10,2,2,1,,,,,,,
321,A - IPC Crime,CRIMINAL TRESPASS (Sec.447 to 452 IPC/329(3) TO 333 BNS),House,608,64,48,74,,,,,,,
322,A - IPC Crime,CRIMINAL TRESPASS (Sec.447 to 452 IPC/329(3) TO 333 BNS),Land,1420,100,141,115,,,,,,,
323,A - IPC Crime,CRIMINAL TRESPASS (Sec.447 to 452 IPC/329(3) TO 333 BNS),Office,52,4,4,4,,,,,,,
324,A - IPC Crime,CRIMINAL TRESPASS (Sec.447 to 452 IPC/329(3) TO 333 BNS),Prohibited Places,12,3,1,2,,,,,,,
325,A - IPC Crime,CRIMINAL TRESPASS (Sec.447 to 452 IPC/329(3) TO 333 BNS),Religious Place,8,1,1,1,,,,,,,
326,A - IPC Crime,CRIMINAL TRESPASS (Sec.447 to 452 IPC/329(3) TO 333 BNS),Restricted Area,8,1,0,3,,,,,,,
327,A - IPC Crime,CRIMINAL TRESPASS (Sec.447 to 452 IPC/329(3) TO 333 BNS),Others,171,7,19,20,,,,,,,
328,A - IPC Crime,CRUELTY BY HUSBAND (Sec. 498(A) IPC/85 BNS),Husband ,879,77,85,97,,,,,,,
329,A - IPC Crime,CRUELTY BY HUSBAND (Sec. 498(A) IPC/85 BNS),Husband And Relative(S) in Law,1097,114,107,119,,,,,,,
330,A - IPC Crime,CRUELTY BY HUSBAND (Sec. 498(A) IPC/85 BNS),Relative(S) in Law,30,1,7,2,,,,,,,
331,A - IPC Crime,CRUELTY BY HUSBAND (Sec. 498(A) IPC/85 BNS),Dowry Harassment,383,24,46,52,,,,,,,
332,A - IPC Crime,DOWRY DEATHS (Sec.304(B) IPC/80 BNS),By Husband  ,2,0,0,1,,,,,,,
333,A - IPC Crime,DOWRY DEATHS (Sec.304(B) IPC/80 BNS),By Husband And Relatives In Law,33,4,2,6,,,,,,,
334,A - IPC Crime,DOWRY DEATHS (Sec.304(B) IPC/80 BNS),By Relatives in Law,1,0,0,0,,,,,,,
335,A - IPC Crime,DOWRY DEATHS (Sec.304(B) IPC/80 BNS),By Burning,1,0,0,0,,,,,,,
336,A - IPC Crime,DOWRY DEATHS (Sec.304(B) IPC/80 BNS),By Hanging,52,4,4,5,,,,,,,
337,A - IPC Crime,DOWRY DEATHS (Sec.304(B) IPC/80 BNS),By Other Means,9,1,0,1,,,,,,,
338,A - IPC Crime,DEATHS DUE TO RASHNESS/NEGLIGENCE (Sec.304(A) IPC/106 BNS),Electrocution,20,0,4,1,,,,,,,
339,A - IPC Crime,DEATHS DUE TO RASHNESS/NEGLIGENCE (Sec.304(A) IPC/106 BNS),Adulterated Food/Drug,0,0,0,0,,,,,,,
340,A - IPC Crime,DEATHS DUE TO RASHNESS/NEGLIGENCE (Sec.304(A) IPC/106 BNS),Accident by Air,0,0,0,0,,,,,,,
341,A - IPC Crime,DEATHS DUE TO RASHNESS/NEGLIGENCE (Sec.304(A) IPC/106 BNS),Boad Accident,1,0,0,1,,,,,,,
342,A - IPC Crime,DEATHS DUE TO RASHNESS/NEGLIGENCE (Sec.304(A) IPC/106 BNS),Bridge/Dam Collapse,1,0,0,0,,,,,,,
343,A - IPC Crime,DEATHS DUE TO RASHNESS/NEGLIGENCE (Sec.304(A) IPC/106 BNS),Building Collapse,4,0,0,1,,,,,,,
344,A - IPC Crime,DEATHS DUE TO RASHNESS/NEGLIGENCE (Sec.304(A) IPC/106 BNS),Caused By Animal,0,0,0,0,,,,,,,
345,A - IPC Crime,DEATHS DUE TO RASHNESS/NEGLIGENCE (Sec.304(A) IPC/106 BNS),Death Due to Other Cause,55,13,7,5,,,,,,,
346,A - IPC Crime,DEATHS DUE TO RASHNESS/NEGLIGENCE (Sec.304(A) IPC/106 BNS),Electrocution Accident,35,4,1,6,,,,,,,
347,A - IPC Crime,DEATHS DUE TO RASHNESS/NEGLIGENCE (Sec.304(A) IPC/106 BNS),Explosion Accident,1,0,0,0,,,,,,,
348,A - IPC Crime,DEATHS DUE TO RASHNESS/NEGLIGENCE (Sec.304(A) IPC/106 BNS),Fire accident,2,0,0,2,,,,,,,
349,A - IPC Crime,DEATHS DUE TO RASHNESS/NEGLIGENCE (Sec.304(A) IPC/106 BNS),Gas Leakage Accident,4,0,1,1,,,,,,,
350,A - IPC Crime,DEATHS DUE TO RASHNESS/NEGLIGENCE (Sec.304(A) IPC/106 BNS),Improper Infrastucture In Construction,76,5,9,14,,,,,,,
351,A - IPC Crime,DEATHS DUE TO RASHNESS/NEGLIGENCE (Sec.304(A) IPC/106 BNS),Improper Medical Treatment,4,0,0,0,,,,,,,
352,A - IPC Crime,DEATHS DUE TO RASHNESS/NEGLIGENCE (Sec.304(A) IPC/106 BNS),In Custody of Public Servant,0,0,0,0,,,,,,,
353,A - IPC Crime,DEATHS DUE TO RASHNESS/NEGLIGENCE (Sec.304(A) IPC/106 BNS),In Jail/Judicial Custody,0,0,0,0,,,,,,,
354,A - IPC Crime,DEATHS DUE TO RASHNESS/NEGLIGENCE (Sec.304(A) IPC/106 BNS),In Police Custody,0,0,0,0,,,,,,,
355,A - IPC Crime,DEATHS DUE TO RASHNESS/NEGLIGENCE (Sec.304(A) IPC/106 BNS),Industrial Accident (Factory),7,0,1,1,,,,,,,
356,A - IPC Crime,DEATHS DUE TO RASHNESS/NEGLIGENCE (Sec.304(A) IPC/106 BNS),Inflammable Substance,0,0,0,0,,,,,,,
357,A - IPC Crime,DEATHS DUE TO RASHNESS/NEGLIGENCE (Sec.304(A) IPC/106 BNS),Mine Accident,2,1,0,0,,,,,,,
358,A - IPC Crime,DEATHS DUE TO RASHNESS/NEGLIGENCE (Sec.304(A) IPC/106 BNS),Poisonous Substance,0,0,0,0,,,,,,,
359,A - IPC Crime,DEATHS DUE TO RASHNESS/NEGLIGENCE (Sec.304(A) IPC/106 BNS),Quarry Accident,0,0,0,0,,,,,,,
360,A - IPC Crime,DEATHS DUE TO RASHNESS/NEGLIGENCE (Sec.304(A) IPC/106 BNS),Spurious Liquor (Hooch) Accident,0,0,0,0,,,,,,,
361,A - IPC Crime,DEATHS DUE TO RASHNESS/NEGLIGENCE (Sec.304(A) IPC/106 BNS),Railway Accident,0,1,0,0,,,,,,,
362,A - IPC Crime,DEATHS DUE TO RASHNESS/NEGLIGENCE (Sec.304(A) IPC/106 BNS),Others,59,15,3,4,,,,,,,
363,A - IPC Crime,MOTOR VEHICLE ACCIDENTS FATAL (Sec.304(A) IPC/106 BNS),National Highways,3329,364,293,323,,,,,,,
364,A - IPC Crime,MOTOR VEHICLE ACCIDENTS FATAL (Sec.304(A) IPC/106 BNS),State Highways,2541,247,211,233,,,,,,,
365,A - IPC Crime,MOTOR VEHICLE ACCIDENTS FATAL (Sec.304(A) IPC/106 BNS),Other Roads,3369,327,268,296,,,,,,,
366,A - IPC Crime,MOTOR VEHICLE ACCIDENTS FATAL (Sec.304(A) IPC/106 BNS),Other Places,132,9,12,13,,,,,,,
367,A - IPC Crime,"MOTOR VEHICLE ACCIDENTS NON-FATAL (Sec.279, 337, 338 IPC/281,125(a),125(b) BNS)",National Highways,8470,882,766,932,,,,,,,
368,A - IPC Crime,"MOTOR VEHICLE ACCIDENTS NON-FATAL (Sec.279, 337, 338 IPC/281,125(a),125(b) BNS)",State Highways,5866,541,538,636,,,,,,,
369,A - IPC Crime,"MOTOR VEHICLE ACCIDENTS NON-FATAL (Sec.279, 337, 338 IPC/281,125(a),125(b) BNS)",Other Roads,11418,1072,1113,1252,,,,,,,
370,A - IPC Crime,"MOTOR VEHICLE ACCIDENTS NON-FATAL (Sec.279, 337, 338 IPC/281,125(a),125(b) BNS)",Other Places,343,40,28,39,,,,,,,
371,A - IPC Crime,"DEATHS-MISCARRIAGE (Sec.312, 313, 314 IPC/88,89,90 BNS)",Child,14,1,0,0,,,,,,,
372,A - IPC Crime,"DEATHS-MISCARRIAGE (Sec.312, 313, 314 IPC/88,89,90 BNS)",Woman,1,2,0,0,,,,,,,
373,A - IPC Crime,"DEATHS-MISCARRIAGE (Sec.312, 313, 314 IPC/88,89,90 BNS)",Women and Child,0,1,0,0,,,,,,,
374,A - IPC Crime,"DEFENCE FORCES OFFENCES RELATING (also relating to desertion) (Sec.131 to 140, except 136 IPC/159 TO 168 EXCEPT 164 BNS)",Air Force,0,0,0,0,,,,,,,
375,A - IPC Crime,"DEFENCE FORCES OFFENCES RELATING (also relating to desertion) (Sec.131 to 140, except 136 IPC/159 TO 168 EXCEPT 164 BNS)",Army,0,0,0,0,,,,,,,
376,A - IPC Crime,"DEFENCE FORCES OFFENCES RELATING (also relating to desertion) (Sec.131 to 140, except 136 IPC/159 TO 168 EXCEPT 164 BNS)",Navy,0,0,0,0,,,,,,,
377,A - IPC Crime,"ESCAPE FROM LAWFUL CUSTODY AND RESISTANCE (Sec.224, 225, 225(B) IPC/262,263,265 BNS)",From Jail Custody,9,0,2,2,,,,,,,
378,A - IPC Crime,"ESCAPE FROM LAWFUL CUSTODY AND RESISTANCE (Sec.224, 225, 225(B) IPC/262,263,265 BNS)",From Police Custody,14,0,0,2,,,,,,,
379,A - IPC Crime,"ESCAPE FROM LAWFUL CUSTODY AND RESISTANCE (Sec.224, 225, 225(B) IPC/262,263,265 BNS)",Others,9,0,0,2,,,,,,,
380,A - IPC Crime,"IMPERSONATION (Sec.170, 171 IPC/204,205 BNS)",Attempt to Commit,10,0,0,3,,,,,,,
381,A - IPC Crime,"IMPERSONATION (Sec.170, 171 IPC/204,205 BNS)",Non-Uniformed Authority,3,0,0,0,,,,,,,
382,A - IPC Crime,"IMPERSONATION (Sec.170, 171 IPC/204,205 BNS)",Uniformed Authority,2,0,0,0,,,,,,,
383,A - IPC Crime,"MISCHIEF (Sec.427 to 440 except 434, 435, 436, 438 IPC/324(4) TO 324(6) BNS)",NA,384,33,35,31,,,,,,,
384,A - IPC Crime,MOLESTATION (Sec.354 IPC/74 BNS),Attempt to Commit,55,9,4,7,,,,,,,
385,A - IPC Crime,MOLESTATION (Sec.354 IPC/74 BNS),Private Place,791,67,68,89,,,,,,,
386,A - IPC Crime,MOLESTATION (Sec.354 IPC/74 BNS),Public Conveyance,11,1,3,1,,,,,,,
387,A - IPC Crime,MOLESTATION (Sec.354 IPC/74 BNS),Public Place,1817,173,182,196,,,,,,,
388,A - IPC Crime,MOLESTATION (Sec.354 IPC/74 BNS),Other Places,2193,204,206,216,,,,,,,
389,A - IPC Crime,POISONING-PROFESSIONAL (Sec. 328 IPC/123 BNS),Attempt to Commit,9,1,0,1,,,,,,,
390,A - IPC Crime,POISONING-PROFESSIONAL (Sec. 328 IPC/123 BNS),Fatal,0,0,0,0,,,,,,,
391,A - IPC Crime,POISONING-PROFESSIONAL (Sec. 328 IPC/123 BNS),Non Fatal,2,0,0,0,,,,,,,
392,A - IPC Crime,PORNOGRAPHY (Sec.292 to 294 IPC/294 TO 296 BNS),Advertisement,1,0,1,0,,,,,,,
393,A - IPC Crime,PORNOGRAPHY (Sec.292 to 294 IPC/294 TO 296 BNS),Audio Tape,1,0,0,0,,,,,,,
394,A - IPC Crime,PORNOGRAPHY (Sec.292 to 294 IPC/294 TO 296 BNS),Book,0,0,0,0,,,,,,,
395,A - IPC Crime,PORNOGRAPHY (Sec.292 to 294 IPC/294 TO 296 BNS),Computer Software,0,0,0,0,,,,,,,
396,A - IPC Crime,PORNOGRAPHY (Sec.292 to 294 IPC/294 TO 296 BNS),Figures,0,0,0,0,,,,,,,
397,A - IPC Crime,PORNOGRAPHY (Sec.292 to 294 IPC/294 TO 296 BNS),Film (Blue),0,0,0,0,,,,,,,
398,A - IPC Crime,PORNOGRAPHY (Sec.292 to 294 IPC/294 TO 296 BNS),Painting,0,0,0,0,,,,,,,
399,A - IPC Crime,PORNOGRAPHY (Sec.292 to 294 IPC/294 TO 296 BNS),Pamphlet,0,0,0,0,,,,,,,
400,A - IPC Crime,PORNOGRAPHY (Sec.292 to 294 IPC/294 TO 296 BNS),Paper,1,0,0,0,,,,,,,
401,A - IPC Crime,PORNOGRAPHY (Sec.292 to 294 IPC/294 TO 296 BNS),Photography,0,0,0,0,,,,,,,
402,A - IPC Crime,PORNOGRAPHY (Sec.292 to 294 IPC/294 TO 296 BNS),Poster,8,0,0,2,,,,,,,
403,A - IPC Crime,PORNOGRAPHY (Sec.292 to 294 IPC/294 TO 296 BNS),Video Film(Blue),1,0,0,0,,,,,,,
404,A - IPC Crime,PORNOGRAPHY (Sec.292 to 294 IPC/294 TO 296 BNS),Others,21,1,7,0,,,,,,,
405,A - IPC Crime,PUBLIC JUSTICE (Sec.213 to 215 IPC/250 TO 252 BNS),NA,6,0,0,0,,,,,,,
406,A - IPC Crime,"PUBLIC NUISANCE (Sec.291 and 510 IPC/293,355 BNS)",NA,353,30,155,38,,,,,,,
407,A - IPC Crime,"PUBLIC SAFETY (Sec.269 to 271, 277, 283, 289 IPC/271 to 273, 279,285,291 BNS)",NA,4553,130,1164,664,,,,,,,
408,A - IPC Crime,"OFFENCES AGAINST PUBLIC SERVANTS (Public servant is a victim) (Sec 182-188, 332, 333, 353 IPC/217-223,121(1),121(2), 132 BNS)",Attempt to Commit,17,1,1,2,,,,,,,
409,A - IPC Crime,"OFFENCES AGAINST PUBLIC SERVANTS (Public servant is a victim) (Sec 182-188, 332, 333, 353 IPC/217-223,121(1),121(2), 132 BNS)",Defence Personnel,2,0,0,0,,,,,,,
410,A - IPC Crime,"OFFENCES AGAINST PUBLIC SERVANTS (Public servant is a victim) (Sec 182-188, 332, 333, 353 IPC/217-223,121(1),121(2), 132 BNS)",Jail Personnel,10,2,1,0,,,,,,,
411,A - IPC Crime,"OFFENCES AGAINST PUBLIC SERVANTS (Public servant is a victim) (Sec 182-188, 332, 333, 353 IPC/217-223,121(1),121(2), 132 BNS)",Judicial Official,20,0,1,2,,,,,,,
412,A - IPC Crime,"OFFENCES AGAINST PUBLIC SERVANTS (Public servant is a victim) (Sec 182-188, 332, 333, 353 IPC/217-223,121(1),121(2), 132 BNS)",Minister,0,0,0,0,,,,,,,
413,A - IPC Crime,"OFFENCES AGAINST PUBLIC SERVANTS (Public servant is a victim) (Sec 182-188, 332, 333, 353 IPC/217-223,121(1),121(2), 132 BNS)",MLA,0,0,0,0,,,,,,,
414,A - IPC Crime,"OFFENCES AGAINST PUBLIC SERVANTS (Public servant is a victim) (Sec 182-188, 332, 333, 353 IPC/217-223,121(1),121(2), 132 BNS)",MP,0,0,0,0,,,,,,,
415,A - IPC Crime,"OFFENCES AGAINST PUBLIC SERVANTS (Public servant is a victim) (Sec 182-188, 332, 333, 353 IPC/217-223,121(1),121(2), 132 BNS)",Nationalised Bank Personnel,3,0,0,1,,,,,,,
416,A - IPC Crime,"OFFENCES AGAINST PUBLIC SERVANTS (Public servant is a victim) (Sec 182-188, 332, 333, 353 IPC/217-223,121(1),121(2), 132 BNS)",Other Elected Member,4,0,0,0,,,,,,,
417,A - IPC Crime,"OFFENCES AGAINST PUBLIC SERVANTS (Public servant is a victim) (Sec 182-188, 332, 333, 353 IPC/217-223,121(1),121(2), 132 BNS)",Other Enforcement Official,1,1,0,0,,,,,,,
418,A - IPC Crime,"OFFENCES AGAINST PUBLIC SERVANTS (Public servant is a victim) (Sec 182-188, 332, 333, 353 IPC/217-223,121(1),121(2), 132 BNS)",Other Govt. Official,394,33,50,34,,,,,,,
419,A - IPC Crime,"OFFENCES AGAINST PUBLIC SERVANTS (Public servant is a victim) (Sec 182-188, 332, 333, 353 IPC/217-223,121(1),121(2), 132 BNS)",Para Military Personnel,2,2,0,0,,,,,,,
420,A - IPC Crime,"OFFENCES AGAINST PUBLIC SERVANTS (Public servant is a victim) (Sec 182-188, 332, 333, 353 IPC/217-223,121(1),121(2), 132 BNS)",Police Personnel,430,34,40,41,,,,,,,
421,A - IPC Crime,"OFFENCES AGAINST PUBLIC SERVANTS (Public servant is a victim) (Sec 182-188, 332, 333, 353 IPC/217-223,121(1),121(2), 132 BNS)",Public Sector Undertaking Official,109,15,6,8,,,,,,,
422,A - IPC Crime,"OFFENCES BY PUBLIC SERVANTS (EXCEPT CORRUPTION) (Public servant is accused) (Sec.128, 129, 167, 218, 221, 222 IPC/156,157,201,256,259,260 BNS)",Defence Personnel,0,0,0,0,,,,,,,
423,A - IPC Crime,"OFFENCES BY PUBLIC SERVANTS (EXCEPT CORRUPTION) (Public servant is accused) (Sec.128, 129, 167, 218, 221, 222 IPC/156,157,201,256,259,260 BNS)",Jail Personnel,0,0,0,0,,,,,,,
424,A - IPC Crime,"OFFENCES BY PUBLIC SERVANTS (EXCEPT CORRUPTION) (Public servant is accused) (Sec.128, 129, 167, 218, 221, 222 IPC/156,157,201,256,259,260 BNS)",Judicial Official,0,0,0,0,,,,,,,
425,A - IPC Crime,"OFFENCES BY PUBLIC SERVANTS (EXCEPT CORRUPTION) (Public servant is accused) (Sec.128, 129, 167, 218, 221, 222 IPC/156,157,201,256,259,260 BNS)",Minister,0,0,0,0,,,,,,,
426,A - IPC Crime,"OFFENCES BY PUBLIC SERVANTS (EXCEPT CORRUPTION) (Public servant is accused) (Sec.128, 129, 167, 218, 221, 222 IPC/156,157,201,256,259,260 BNS)",MLA,0,0,0,0,,,,,,,
427,A - IPC Crime,"OFFENCES BY PUBLIC SERVANTS (EXCEPT CORRUPTION) (Public servant is accused) (Sec.128, 129, 167, 218, 221, 222 IPC/156,157,201,256,259,260 BNS)",MP,0,0,0,0,,,,,,,
428,A - IPC Crime,"OFFENCES BY PUBLIC SERVANTS (EXCEPT CORRUPTION) (Public servant is accused) (Sec.128, 129, 167, 218, 221, 222 IPC/156,157,201,256,259,260 BNS)",Nationalised Bank Personnel,0,0,0,0,,,,,,,
429,A - IPC Crime,"OFFENCES BY PUBLIC SERVANTS (EXCEPT CORRUPTION) (Public servant is accused) (Sec.128, 129, 167, 218, 221, 222 IPC/156,157,201,256,259,260 BNS)",Other Elected Member,0,0,0,0,,,,,,,
430,A - IPC Crime,"OFFENCES BY PUBLIC SERVANTS (EXCEPT CORRUPTION) (Public servant is accused) (Sec.128, 129, 167, 218, 221, 222 IPC/156,157,201,256,259,260 BNS)",Other Enforcement Official,0,0,0,0,,,,,,,
431,A - IPC Crime,"OFFENCES BY PUBLIC SERVANTS (EXCEPT CORRUPTION) (Public servant is accused) (Sec.128, 129, 167, 218, 221, 222 IPC/156,157,201,256,259,260 BNS)",Other Govt. Official,0,1,0,0,,,,,,,
432,A - IPC Crime,"OFFENCES BY PUBLIC SERVANTS (EXCEPT CORRUPTION) (Public servant is accused) (Sec.128, 129, 167, 218, 221, 222 IPC/156,157,201,256,259,260 BNS)",Para Military Personnel,0,0,0,0,,,,,,,
433,A - IPC Crime,"OFFENCES BY PUBLIC SERVANTS (EXCEPT CORRUPTION) (Public servant is accused) (Sec.128, 129, 167, 218, 221, 222 IPC/156,157,201,256,259,260 BNS)",Police Personnel,1,0,1,0,,,,,,,
434,A - IPC Crime,"OFFENCES BY PUBLIC SERVANTS (EXCEPT CORRUPTION) (Public servant is accused) (Sec.128, 129, 167, 218, 221, 222 IPC/156,157,201,256,259,260 BNS)",Public Sector Undertaking Official,2,0,0,0,,,,,,,
435,A - IPC Crime,"OFFENCES BY PUBLIC SERVANTS (EXCEPT CORRUPTION) (Public servant is accused) (Sec.128, 129, 167, 218, 221, 222 IPC/156,157,201,256,259,260 BNS)",Others,0,0,0,0,,,,,,,
436,A - IPC Crime,"NEGLIGENT ACT (Sec.280 to 289, 336 to 338 except 283 IPC/282 to 291,125 to 125(b) except 285 BNS)",Animal -Related,50,6,6,5,,,,,,,
437,A - IPC Crime,"NEGLIGENT ACT (Sec.280 to 289, 336 to 338 except 283 IPC/282 to 291,125 to 125(b) except 285 BNS)",Boat/Vessel - Related,1,1,0,0,,,,,,,
438,A - IPC Crime,"NEGLIGENT ACT (Sec.280 to 289, 336 to 338 except 283 IPC/282 to 291,125 to 125(b) except 285 BNS)",Explosive/Explosive Substances - Related,32,25,1,17,,,,,,,
439,A - IPC Crime,"NEGLIGENT ACT (Sec.280 to 289, 336 to 338 except 283 IPC/282 to 291,125 to 125(b) except 285 BNS)",Inflammable Substance- Related ,17,4,2,1,,,,,,,
440,A - IPC Crime,"NEGLIGENT ACT (Sec.280 to 289, 336 to 338 except 283 IPC/282 to 291,125 to 125(b) except 285 BNS)",Machinery - Related,95,11,5,5,,,,,,,
441,A - IPC Crime,"NEGLIGENT ACT (Sec.280 to 289, 336 to 338 except 283 IPC/282 to 291,125 to 125(b) except 285 BNS)",Poisonous Substance - Related,11,0,0,1,,,,,,,
442,A - IPC Crime,"NEGLIGENT ACT (Sec.280 to 289, 336 to 338 except 283 IPC/282 to 291,125 to 125(b) except 285 BNS)",Other - Related,1361,80,168,219,,,,,,,
443,A - IPC Crime,"NEGLIGENT ACT (Sec.280 to 289, 336 to 338 except 283 IPC/282 to 291,125 to 125(b) except 285 BNS)",Human - Related,925,46,96,66,,,,,,,
444,A - IPC Crime,"NEGLIGENT ACT (Sec.280 to 289, 336 to 338 except 283 IPC/282 to 291,125 to 125(b) except 285 BNS)",Wheeling,140,0,8,12,,,,,,,
445,A - IPC Crime,"NEGLIGENT ACT (Sec.280 to 289, 336 to 338 except 283 IPC/282 to 291,125 to 125(b) except 285 BNS)",Drink & Drive Without DL,53,0,12,4,,,,,,,
446,A - IPC Crime,"NEGLIGENT ACT (Sec.280 to 289, 336 to 338 except 283 IPC/282 to 291,125 to 125(b) except 285 BNS)",Death Causeed By Electric Shock,73,9,3,8,,,,,,,
447,A - IPC Crime,"NEGLIGENT ACT (Sec.280 to 289, 336 to 338 except 283 IPC/282 to 291,125 to 125(b) except 285 BNS)",Defective Silencer,10,0,2,0,,,,,,,
448,A - IPC Crime,"NEGLIGENT ACT (Sec.280 to 289, 336 to 338 except 283 IPC/282 to 291,125 to 125(b) except 285 BNS)",Footpath Riding,6,0,3,1,,,,,,,
449,A - IPC Crime,"NEGLIGENT ACT (Sec.280 to 289, 336 to 338 except 283 IPC/282 to 291,125 to 125(b) except 285 BNS)",Racing & Trials of Speed,1,0,0,0,,,,,,,
450,A - IPC Crime,"NEGLIGENT ACT (Sec.280 to 289, 336 to 338 except 283 IPC/282 to 291,125 to 125(b) except 285 BNS)",Rash & Negligence/Dangerous Driving,541,0,144,151,,,,,,,
451,A - IPC Crime,RECEIVING OF STOLEN PROPERTY (Sec.411 to 414 IPC/317(2) TO 317(5) BNS),NA,2,0,0,0,,,,,,,
452,A - IPC Crime,SEDITION (Sec. 124A IPC/IN BNS Deleted),Attempt to Commit,0,0,0,0,,,,,,,
453,A - IPC Crime,SEDITION (Sec. 124A IPC/IN BNS Deleted),By Foreigner,0,0,0,0,,,,,,,
454,A - IPC Crime,SEDITION (Sec. 124A IPC/IN BNS Deleted),By National,0,0,0,0,,,,,,,
455,A - IPC Crime,SEDITION (Sec. 124A IPC/IN BNS Deleted),By National And Foreigner,0,0,0,0,,,,,,,
456,A - IPC Crime,INSULTING MODESTY OF WOMEN (EVE TEASING) (Sec.509 IPC/79 BNS),Attempt to Commit,10,0,1,1,,,,,,,
457,A - IPC Crime,INSULTING MODESTY OF WOMEN (EVE TEASING) (Sec.509 IPC/79 BNS),Office,13,2,0,2,,,,,,,
458,A - IPC Crime,INSULTING MODESTY OF WOMEN (EVE TEASING) (Sec.509 IPC/79 BNS),Public Conveyance,10,0,3,1,,,,,,,
459,A - IPC Crime,INSULTING MODESTY OF WOMEN (EVE TEASING) (Sec.509 IPC/79 BNS),Public Place,117,5,15,13,,,,,,,
460,A - IPC Crime,INSULTING MODESTY OF WOMEN (EVE TEASING) (Sec.509 IPC/79 BNS),Other Places,183,11,18,17,,,,,,,
461,A - IPC Crime,"SUICIDE (Sec.305, 306, 309 IPC/107,108 BNS)",Dowry,5,0,1,0,,,,,,,
462,A - IPC Crime,"SUICIDE (Sec.305, 306, 309 IPC/107,108 BNS)",Abetment of Suicide,330,26,33,36,,,,,,,
463,A - IPC Crime,"SUICIDE (Sec.305, 306, 309 IPC/107,108 BNS)",Other Reasons,228,17,17,17,,,,,,,
464,A - IPC Crime,"SUICIDE (Sec.305, 306, 309 IPC/107,108 BNS)",Attempt to Commit suicide,66,5,5,7,,,,,,,
465,A - IPC Crime,UNNATURAL SEX (Sec.377 IPC/IN BNS Deleted),Abetment  ,0,0,0,0,,,,,,,
466,A - IPC Crime,UNNATURAL SEX (Sec.377 IPC/IN BNS Deleted),Animal  ,0,0,0,0,,,,,,,
467,A - IPC Crime,UNNATURAL SEX (Sec.377 IPC/IN BNS Deleted),Attempt,0,0,0,0,,,,,,,
468,A - IPC Crime,UNNATURAL SEX (Sec.377 IPC/IN BNS Deleted),Major - Man,0,1,0,0,,,,,,,
469,A - IPC Crime,UNNATURAL SEX (Sec.377 IPC/IN BNS Deleted),Major - Woman,0,0,0,0,,,,,,,
470,A - IPC Crime,UNNATURAL SEX (Sec.377 IPC/IN BNS Deleted),Minor - Boy,0,0,0,0,,,,,,,
471,A - IPC Crime,UNNATURAL SEX (Sec.377 IPC/IN BNS Deleted),Minor - Girl,0,0,0,0,,,,,,,
472,A - IPC Crime,"WRONGFUL RESTRAINT/CONFINEMENT (Sec.341 to 348 IPC/126(2),127(2)-127(8) BNS)",Attempt to Commit,27,2,2,1,,,,,,,
473,A - IPC Crime,"WRONGFUL RESTRAINT/CONFINEMENT (Sec.341 to 348 IPC/126(2),127(2)-127(8) BNS)",To Extort Confession,7,1,0,3,,,,,,,
474,A - IPC Crime,"WRONGFUL RESTRAINT/CONFINEMENT (Sec.341 to 348 IPC/126(2),127(2)-127(8) BNS)",To Extort Property,21,4,0,1,,,,,,,
475,A - IPC Crime,"WRONGFUL RESTRAINT/CONFINEMENT (Sec.341 to 348 IPC/126(2),127(2)-127(8) BNS)",To settle Dispute,16,2,1,2,,,,,,,
476,A - IPC Crime,"WRONGFUL RESTRAINT/CONFINEMENT (Sec.341 to 348 IPC/126(2),127(2)-127(8) BNS)",Others,350,29,34,23,,,,,,,
477,A - IPC Crime,"INFANTICIDE (Sec.315, 316 IPC/91,92 BNS)",Male,2,1,0,0,,,,,,,
478,A - IPC Crime,"INFANTICIDE (Sec.315, 316 IPC/91,92 BNS)",Female,3,0,0,0,,,,,,,
479,A - IPC Crime,"OFFENCES RELATED TO MARRIAGE (Sec.493 to 498 IPC/81,84 BNS)",NA,33,3,4,0,,,,,,,
480,A - IPC Crime,"BUYING & SELLING MINOR FOR PROSTITUTION (Sec.372, 373 IPC/98,99 BNS)",NA,0,0,0,0,,,,,,,
481,A - IPC Crime,DOCUMENTS & PROPERTY MARKS (Sec.483 to 489 IPC/346-350(2) BNS),Documents  ,1,0,0,0,,,,,,,
482,A - IPC Crime,DOCUMENTS & PROPERTY MARKS (Sec.483 to 489 IPC/346-350(2) BNS),Property  ,1,0,1,0,,,,,,,
483,A - IPC Crime,DEFAMATION (Sec.500 to 502 IPC/350(2)-356(4) BNS),Persons ,1,0,0,0,,,,,,,
484,A - IPC Crime,DEFAMATION (Sec.500 to 502 IPC/350(2)-356(4) BNS),Printed Matter,1,0,0,0,,,,,,,
485,A - IPC Crime,DEFAMATION (Sec.500 to 502 IPC/350(2)-356(4) BNS),Others,2,0,0,0,,,,,,,
486,A - IPC Crime,ELECTION(Sec.171(E) to 171(1) IPC/173-177 BNS),Assembly,0,3,0,0,,,,,,,
487,A - IPC Crime,ELECTION(Sec.171(E) to 171(1) IPC/173-177 BNS),Parliament,1,0,0,0,,,,,,,
488,A - IPC Crime,ELECTION(Sec.171(E) to 171(1) IPC/173-177 BNS),Other Elected Bodies,4,0,0,0,,,,,,,
489,A - IPC Crime,"SLAVERY (Sec.370, 371, 374 IPC/143,145,146 BNS)",Man,0,0,0,0,,,,,,,
490,A - IPC Crime,"SLAVERY (Sec.370, 371, 374 IPC/143,145,146 BNS)",Woman,0,0,0,0,,,,,,,
491,A - IPC Crime,"SLAVERY (Sec.370, 371, 374 IPC/143,145,146 BNS)",Boy,4,0,0,1,,,,,,,
492,A - IPC Crime,"SLAVERY (Sec.370, 371, 374 IPC/143,145,146 BNS)",Girl,0,0,0,0,,,,,,,
493,A - IPC Crime,Attempting to commit offences (Sec.511 IPC/62 BNS),Attempting to commit offences,185,19,14,22,,,,,,,
494,A - IPC Crime,ILLEGAL DETENTION (Sec.342 IPC/127(2) BNS),NA,0,0,0,0,,,,,,,
495,A - IPC Crime,FALSE EVIDENCE (Sec.191 to 205 IPC/227-242 BNS),NA,10,2,1,4,,,,,,,
496,A - IPC Crime,EXPOSURE AND ABANDONMENT OF CHILD (Sec.317 IPC/93 BNS),Boy ,21,4,3,0,,,,,,,
497,A - IPC Crime,EXPOSURE AND ABANDONMENT OF CHILD (Sec.317 IPC/93 BNS),Girl,35,4,4,5,,,,,,,
498,A - IPC Crime,OF ABETMENT (Sec.107 to 120 IPC/45-60 BNS),NA,18,2,1,2,,,,,,,
499,A - IPC Crime,"FAILURE TO APPEAR TO COURT (Sec.174A, 229A IPC/209,269 BNS)",IPC 174 A/BNS 209,337,12,13,10,,,,,,,
500,A - IPC Crime,"FAILURE TO APPEAR TO COURT (Sec.174A, 229A IPC/209,269 BNS)",IPC 229 A/BNS 269,961,72,57,30,,,,,,,
501,A - IPC Crime,Concealment of birth by secret disposal of Child,Girl,19,1,1,2,,,,,,,
502,A - IPC Crime,Concealment of birth by secret disposal of Child,Boy,20,1,1,1,,,,,,,
503,A - IPC Crime,ASSAULT OR USE OF CRIMINAL FORCE TO DISROBE WOMEN,N A,6,2,0,2,,,,,,,
504,A - IPC Crime,Disobedience to Order Promulgated by Public/Servant,By Govt. Institution,16,1,4,1,,,,,,,
505,A - IPC Crime,Disobedience to Order Promulgated by Public/Servant,By Others,16,0,7,1,,,,,,,
506,A - IPC Crime,Disobedience to Order Promulgated by Public/Servant,By Private Institution,0,1,0,0,,,,,,,
507,A - IPC Crime,Disobedience to Order Promulgated by Public/Servant,Sub Total,32,2,11,2,,,,,,,
508,A - IPC Crime,Disobedience to Order Promulgated by Public/Servant,Human Trafficking,,,,,,,,,,,
509,A - IPC Crime,Disobedience to Order Promulgated by Public/Servant,Women,4,0,0,1,,,,,,,
510,A - IPC Crime,Disobedience to Order Promulgated by Public/Servant,Girl ,5,0,2,1,,,,,,,
511,A - IPC Crime,Disobedience to Order Promulgated by Public/Servant,Eunuch,0,0,0,0,,,,,,,
512,A - IPC Crime,Disobedience to Order Promulgated by Public/Servant,Men,0,1,0,0,,,,,,,
513,A - IPC Crime,Disobedience to Order Promulgated by Public/Servant,Boy ,4,1,0,0,,,,,,,
514,A - IPC Crime,Giving false information respecting an offence committed,Giving false information respecting an offence committed,27,1,1,2,,,,,,,
515,A - IPC Crime,Harbouring offender,NA,3,0,1,0,,,,,,,
516,A - IPC Crime,Pettry Organised Crimes,Cargo Theft,0,0,0,0,,,,,,,
517,A - IPC Crime,Pettry Organised Crimes,Pick Pocketing,1,0,0,0,,,,,,,
518,A - IPC Crime,Pettry Organised Crimes,Shop Lifting,0,0,0,0,,,,,,,
519,A - IPC Crime,Pettry Organised Crimes,Theft Of ATM Machines,0,0,0,0,,,,,,,
520,A - IPC Crime,Pettry Organised Crimes,Theft From Vehicles,0,0,0,0,,,,,,,
521,A - IPC Crime,Pettry Organised Crimes,Unauthorised Betting/Gambling,130,7,7,8,,,,,,,
522,A - IPC Crime,Pettry Organised Crimes,Others,12,1,2,0,,,,,,,
523,A - IPC Crime,Public Servant in Judicial proceeding,Defence Personnel,0,0,0,0,,,,,,,
524,A - IPC Crime,Public Servant in Judicial proceeding,Others,0,0,0,0,,,,,,,
525,A - IPC Crime,Public Servant in Judicial proceeding,Jail Personnel,0,0,0,0,,,,,,,
526,A - IPC Crime,Public Servant in Judicial proceeding,Para Military Personnel,0,0,0,0,,,,,,,
527,A - IPC Crime,Public Servant in Judicial proceeding,Police Personnel,0,0,0,0,,,,,,,
528,A - IPC Crime,Public Servant in Judicial proceeding,Public Sector Undertaking Official,0,0,0,0,,,,,,,
529,A - IPC Crime,Public Servant in Judicial proceeding,Judicial Official,0,0,0,0,,,,,,,
530,A - IPC Crime,Public Servant in Judicial proceeding,Minister,0,0,0,0,,,,,,,
531,A - IPC Crime,Public Servant in Judicial proceeding,MLA,0,0,0,0,,,,,,,
532,A - IPC Crime,Public Servant in Judicial proceeding,MP,0,0,0,0,,,,,,,
533,A - IPC Crime,Public Servant in Judicial proceeding,Nationalised Bank Personnel,0,0,0,0,,,,,,,
534,A - IPC Crime,Public Servant in Judicial proceeding,Other Elected Member,0,0,0,0,,,,,,,
535,A - IPC Crime,Public Servant in Judicial proceeding,Other Enforcement Official,0,0,0,0,,,,,,,
536,A - IPC Crime,Public Servant in Judicial proceeding,Other Govt Official,1,0,0,0,,,,,,,
537,A - IPC Crime,"The Indian Stamp Act, 1899",,0,0,0,0,,,,,,,
538,B - SPECIAL & LOCAL LAWS,ANTIQUES (CULTURAL PROPERTY),Antiques & Art Treasures Act 1972,0,0,0,0,,,,,,,
539,B - SPECIAL & LOCAL LAWS,ANTIQUES (CULTURAL PROPERTY),Ancient Monument & Archaelogical Sites And Remains Act 1958,5,0,0,0,,,,,,,
540,B - SPECIAL & LOCAL LAWS,ANTIQUES (CULTURAL PROPERTY),Sub Total,5,0,0,0,,,,,,,
541,B - SPECIAL & LOCAL LAWS,ANTIQUES (CULTURAL PROPERTY),ARMS ACT 1959,,,,,,,,,,,
542,B - SPECIAL & LOCAL LAWS,ANTIQUES (CULTURAL PROPERTY),Country Made - Non Prohibited Bore - In Disturbed Area,16,0,2,3,,,,,,,
543,B - SPECIAL & LOCAL LAWS,ANTIQUES (CULTURAL PROPERTY),Country Made - Non Prohibited Bore - In Other Area,135,2,18,10,,,,,,,
544,B - SPECIAL & LOCAL LAWS,ANTIQUES (CULTURAL PROPERTY),Country Made - Prohibited Bore - In Disturbed Area,18,4,3,2,,,,,,,
545,B - SPECIAL & LOCAL LAWS,ANTIQUES (CULTURAL PROPERTY),Country Made - Prohibited Bore - In Other Area,100,8,10,7,,,,,,,
546,B - SPECIAL & LOCAL LAWS,ANTIQUES (CULTURAL PROPERTY),Factory Made - Non Prohibited Bore - In Disturbed Area,5,1,0,1,,,,,,,
547,B - SPECIAL & LOCAL LAWS,ANTIQUES (CULTURAL PROPERTY),Factory Made - Non Prohibited Bore - In Other Area,25,1,4,2,,,,,,,
548,B - SPECIAL & LOCAL LAWS,ANTIQUES (CULTURAL PROPERTY),Factory Made - Prohibited Bore - In Disturbed Area,9,0,0,2,,,,,,,
549,B - SPECIAL & LOCAL LAWS,ANTIQUES (CULTURAL PROPERTY),Factory Made - Prohibited Bore - In Other Area,35,1,3,2,,,,,,,
550,B - SPECIAL & LOCAL LAWS,ANIMAL,The Karnataka Prevention of Slaughter and Preservation of Cattle Ordinance 2020,130,14,14,11,,,,,,,
551,B - SPECIAL & LOCAL LAWS,ANIMAL,Wild Life Preservation Act 1972,0,0,0,0,,,,,,,
552,B - SPECIAL & LOCAL LAWS,ANIMAL,Wild Life Protection Act 1972,3,0,0,0,,,,,,,
553,B - SPECIAL & LOCAL LAWS,ANIMAL,Prevention of Cruelty to Animals Act 1960,223,13,18,19,,,,,,,
554,B - SPECIAL & LOCAL LAWS,ANIMAL,Elephant (Preservation) Act 1879,0,0,0,0,,,,,,,
555,B - SPECIAL & LOCAL LAWS,ANIMAL,Cattle Tresspass Act 1871,3,0,0,0,,,,,,,
556,B - SPECIAL & LOCAL LAWS,CINEMATOGRAPHY ACT 1952,Films,0,0,0,0,,,,,,,
557,B - SPECIAL & LOCAL LAWS,CINEMATOGRAPHY ACT 1953,Video,0,0,0,0,,,,,,,
558,B - SPECIAL & LOCAL LAWS,CONSUMER,Liquified Petroleum Gas Supply & Control Order 2000 ,74,4,11,4,,,,,,,
559,B - SPECIAL & LOCAL LAWS,CONSUMER,Consumer (Protection) Act 1986,6,0,0,0,,,,,,,
560,B - SPECIAL & LOCAL LAWS,CONSUMER,Essential Commodities Act 1955,628,26,79,81,,,,,,,
561,B - SPECIAL & LOCAL LAWS,CONSUMER,Prevention of Food Adulternation Act 1954,2,0,0,0,,,,,,,
562,B - SPECIAL & LOCAL LAWS,CONSUMER,Packaged Commodities (Regulation) order 1975,0,0,0,0,,,,,,,
563,B - SPECIAL & LOCAL LAWS,COPY RIGHT ACT 1957,By Company,118,8,7,12,,,,,,,
564,B - SPECIAL & LOCAL LAWS,COPY RIGHT ACT 1958,By Individual,59,5,3,2,,,,,,,
565,B - SPECIAL & LOCAL LAWS,CIVIL RIGHTS,Protection of Civil Rights Act 1955,5,2,0,1,,,,,,,
566,B - SPECIAL & LOCAL LAWS,CIVIL RIGHTS,SCHEDULED CASTE AND THE SCHEDULED TRIBES,,,,,,,,,,,
567,B - SPECIAL & LOCAL LAWS,CIVIL RIGHTS,Scheduled Caste  ,1099,91,114,110,,,,,,,
568,B - SPECIAL & LOCAL LAWS,CIVIL RIGHTS,Scheduled Tribes,264,22,31,35,,,,,,,
569,B - SPECIAL & LOCAL LAWS,CIVIL RIGHTS,Scheduled Caste Women,460,33,45,59,,,,,,,
570,B - SPECIAL & LOCAL LAWS,CIVIL RIGHTS,Scheduled Tribes Women,113,9,19,12,,,,,,,
571,B - SPECIAL & LOCAL LAWS,CHILDREN ACT,Child Labour (Prohibition & Regulation) Act1986,69,2,4,4,,,,,,,
572,B - SPECIAL & LOCAL LAWS,CHILDREN ACT,Child Marriage (Restraint) Act - 1929,173,8,17,17,,,,,,,
573,B - SPECIAL & LOCAL LAWS,CHILDREN ACT,Juvenile Justice Act 1986,119,9,8,8,,,,,,,
574,B - SPECIAL & LOCAL LAWS,CHILDREN ACT,Probation of offenders Act 1958,0,0,0,0,,,,,,,
575,B - SPECIAL & LOCAL LAWS,CHILDREN ACT,Protection of Children from Sexual Offences Act 2012 (POCSO),0,0,0,0,,,,,,,
576,B - SPECIAL & LOCAL LAWS,PREVENTION OF CORRUPTION ACT 1988,Public Servant - Elected,0,0,0,0,,,,,,,
577,B - SPECIAL & LOCAL LAWS,PREVENTION OF CORRUPTION ACT 1989,Public Servant - Gazetted - Central,1,0,0,0,,,,,,,
578,B - SPECIAL & LOCAL LAWS,PREVENTION OF CORRUPTION ACT 1990,Public Servant - Gazetted - Defence,0,0,0,0,,,,,,,
579,B - SPECIAL & LOCAL LAWS,PREVENTION OF CORRUPTION ACT 1991,Public Servant - Gazetted - Public Sector Undertaking,0,0,0,0,,,,,,,
580,B - SPECIAL & LOCAL LAWS,PREVENTION OF CORRUPTION ACT 1992,Public Servant - Gazetted - State,1,0,0,0,,,,,,,
581,B - SPECIAL & LOCAL LAWS,PREVENTION OF CORRUPTION ACT 1993,Public Servant - Non-Gazetted - Central,0,0,0,0,,,,,,,
582,B - SPECIAL & LOCAL LAWS,PREVENTION OF CORRUPTION ACT 1994,Public Servant - Non-Gazetted - Defence,0,0,0,0,,,,,,,
583,B - SPECIAL & LOCAL LAWS,PREVENTION OF CORRUPTION ACT 1995,Public Servant - Non-Gazetted - State,0,0,0,0,,,,,,,
584,B - SPECIAL & LOCAL LAWS,CUSTOMS,Customs Act 1962,0,0,0,0,,,,,,,
585,B - SPECIAL & LOCAL LAWS,CUSTOMS,Import/Export (Control) Act 1947,0,0,0,0,,,,,,,
586,B - SPECIAL & LOCAL LAWS,Explosives,Explosives Substances Act 1908,37,4,3,3,,,,,,,
587,B - SPECIAL & LOCAL LAWS,Explosives,Explosives Act 1884,85,57,7,47,,,,,,,
588,B - SPECIAL & LOCAL LAWS,Explosives,Inflammable Substance Act 1952,0,0,0,0,,,,,,,
589,B - SPECIAL & LOCAL LAWS,FOREIGN EXCHANGE,Smugglers and Foreign Exchange Manipulator Act 1976,0,0,0,0,,,,,,,
590,B - SPECIAL & LOCAL LAWS,FOREIGN EXCHANGE,Foreign Exchange Regulation Act 1973,0,0,0,0,,,,,,,
591,B - SPECIAL & LOCAL LAWS,FOREIGN EXCHANGE,Foreign Exchange Regulation Act 1952,0,0,0,0,,,,,,,
592,B - SPECIAL & LOCAL LAWS,FOREIGNER,Foreigners Act 1946,89,5,6,13,,,,,,,
593,B - SPECIAL & LOCAL LAWS,FOREIGNER,Registration of Foreigners Act 1939,0,0,0,0,,,,,,,
594,B - SPECIAL & LOCAL LAWS,FOREST,Indian Forest Act 1927,1,0,0,0,,,,,,,
595,B - SPECIAL & LOCAL LAWS,FOREST,Forest (Conservation) Act 1980,9,0,2,0,,,,,,,
596,B - SPECIAL & LOCAL LAWS,HIJACKING,Foreign Aircraft - In India,0,0,0,0,,,,,,,
597,B - SPECIAL & LOCAL LAWS,HIJACKING,Foreign Aircraft - Outside India,0,0,0,0,,,,,,,
598,B - SPECIAL & LOCAL LAWS,HIJACKING,Indian Aircraft - In India,0,0,0,0,,,,,,,
599,B - SPECIAL & LOCAL LAWS,HIJACKING,Indian Aircraft - Outside India,0,0,0,0,,,,,,,
600,B - SPECIAL & LOCAL LAWS,IMMORAL TRAFFIC,Organised,176,20,25,8,,,,,,,
601,B - SPECIAL & LOCAL LAWS,IMMORAL TRAFFIC,Un-Organised,96,6,4,9,,,,,,,
602,B - SPECIAL & LOCAL LAWS,BONDED LABOUR SYSTEM,,10,0,0,6,,,,,,,
603,B - SPECIAL & LOCAL LAWS,INDIAN MOTOR VEHICLE,,62,5,3,5,,,,,,,
604,B - SPECIAL & LOCAL LAWS,NARCOTIC DRUGS & PSYCHOTROPIC SUBSTANCES ACT,Cultivated/Processed,2286,116,180,158,,,,,,,
605,B - SPECIAL & LOCAL LAWS,NARCOTIC DRUGS & PSYCHOTROPIC SUBSTANCES ACT,Synthetic,2860,158,273,265,,,,,,,
606,B - SPECIAL & LOCAL LAWS,PASSPORT ACT,Foreigner,2,0,0,0,,,,,,,
607,B - SPECIAL & LOCAL LAWS,PASSPORT ACT,Indian,3,0,1,0,,,,,,,
608,B - SPECIAL & LOCAL LAWS,REPRESENTATIVE OF PEOPLE ACT 1951 & 1988,Assembly,0,2,0,0,,,,,,,
609,B - SPECIAL & LOCAL LAWS,REPRESENTATIVE OF PEOPLE ACT 1951 & 1989,Parliament,0,0,0,0,,,,,,,
610,B - SPECIAL & LOCAL LAWS,REPRESENTATIVE OF PEOPLE ACT 1951 & 1990,Other Elected Bodies,0,0,0,0,,,,,,,
611,B - SPECIAL & LOCAL LAWS,KARNATAKA POLICE ACT 1963,Gambling - Matka (78 Class C),5233,410,389,479,,,,,,,
612,B - SPECIAL & LOCAL LAWS,KARNATAKA POLICE ACT 1964,Street Gambling (87),6402,458,431,1177,,,,,,,
613,B - SPECIAL & LOCAL LAWS,KARNATAKA POLICE ACT 1965,House Gambling (79 & 80),222,29,21,25,,,,,,,
614,B - SPECIAL & LOCAL LAWS,KARNATAKA POLICE ACT 1966,Betting ,584,9,17,6,,,,,,,
615,B - SPECIAL & LOCAL LAWS,KARNATAKA POLICE ACT 1967,Others ,427,35,34,29,,,,,,,
616,B - SPECIAL & LOCAL LAWS,PREVENTION OF DAMAGE TO PUBLIC PROPERTY ACT 1984,NA,113,9,31,9,,,,,,,
617,B - SPECIAL & LOCAL LAWS,"POST & TELEGRAPH, TELEGRAPH WIRES (UNLAWFUL POSSESSION) ACT 1980",NA,0,0,0,0,,,,,,,
618,B - SPECIAL & LOCAL LAWS,OFFICIAL SECURITY RELATED ACTS,Official Secrets Act 1923,1,0,0,0,,,,,,,
619,B - SPECIAL & LOCAL LAWS,OFFICIAL SECURITY RELATED ACTS,Essential Services Maintenance Act 1981,0,0,0,0,,,,,,,
620,B - SPECIAL & LOCAL LAWS,PREVENTION OF TERRORISM ACT (POTA),NA,0,0,0,0,,,,,,,
621,B - SPECIAL & LOCAL LAWS,RAILWAYS ACT,Indian Railways Act 1989,2,0,0,0,,,,,,,
622,B - SPECIAL & LOCAL LAWS,RAILWAYS ACT,Railway Property (Unlawful Possession) Act 1966,0,0,0,0,,,,,,,
623,B - SPECIAL & LOCAL LAWS,UNLAWFUL ACTIVITIES (Prevention) Act 1967,NA,1,0,0,1,,,,,,,
624,B - SPECIAL & LOCAL LAWS,CRIMES RELATED TO WOMEN,Dowry Prohibition,1643,142,179,148,,,,,,,
625,B - SPECIAL & LOCAL LAWS,CRIMES RELATED TO WOMEN,Commission of SATI (Prevention) Act 1987,0,0,0,0,,,,,,,
626,B - SPECIAL & LOCAL LAWS,CRIMES RELATED TO WOMEN,Indecent Representation of Women (Prohibition) Act 1986,1,0,0,0,,,,,,,
627,B - SPECIAL & LOCAL LAWS,INDIAN LUNACY ACT,NA,0,0,0,0,,,,,,,
628,B - SPECIAL & LOCAL LAWS,INDIAN ELECTRICITY ACT,NA,11,0,1,1,,,,,,,
629,B - SPECIAL & LOCAL LAWS,"COTPA, CIGARETTES AND OTHER TOBACCO PRODUCTS",NA,2854,45,245,69,,,,,,,
630,B - SPECIAL & LOCAL LAWS,KARNATAKA STATE LOCAL ACTS,Prevention of Insult to National Hounours Act 1971,9,2,3,0,,,,,,,
631,B - SPECIAL & LOCAL LAWS,KARNATAKA STATE LOCAL ACTS,"Prevention of violence against Doctors, Medical professionals and Medical institutions",11,2,0,1,,,,,,,
632,B - SPECIAL & LOCAL LAWS,KARNATAKA STATE LOCAL ACTS,"The Karnataka Prevention of Dangerous Activities of Bootleggers, Drug-offenders, Gamblers, Goonda Act",1,0,0,1,,,,,,,
633,B - SPECIAL & LOCAL LAWS,KARNATAKA STATE LOCAL ACTS,Karnataka Cow Slaughters Act,182,16,19,15,,,,,,,
634,B - SPECIAL & LOCAL LAWS,KARNATAKA STATE LOCAL ACTS,Banning of Unregulated Deposit Schemes Act,17,4,4,0,,,,,,,
635,B - SPECIAL & LOCAL LAWS,KARNATAKA STATE LOCAL ACTS,"Motor Spirit and High Speed Diesel (Regulation of upply, Distribution and Prevention of Malpractice",0,0,0,0,,,,,,,
636,B - SPECIAL & LOCAL LAWS,KARNATAKA STATE LOCAL ACTS,Karnataka Epidemic Deseases Act 2020,0,0,0,0,,,,,,,
637,B - SPECIAL & LOCAL LAWS,KARNATAKA STATE LOCAL ACTS,Karnataka Prevention of Slaughter and Preservation of Cattle Act 2020,206,20,15,15,,,,,,,
638,B - SPECIAL & LOCAL LAWS,KARNATAKA STATE LOCAL ACTS,Disaster Management Act 2005,0,0,0,0,,,,,,,
639,B - SPECIAL & LOCAL LAWS,KARNATAKA STATE LOCAL ACTS,Karnataka Excise Act 1965,8474,572,558,752,,,,,,,
640,B - SPECIAL & LOCAL LAWS,KARNATAKA STATE LOCAL ACTS,Karnataka Forest Act 1963,53,2,5,9,,,,,,,
641,B - SPECIAL & LOCAL LAWS,KARNATAKA STATE LOCAL ACTS,Karnataka Education Act 1983 As Amended Upto Date,2,0,0,0,,,,,,,
642,B - SPECIAL & LOCAL LAWS,KARNATAKA STATE LOCAL ACTS,Karnataka Kerosene Restriction Unuse Act 1956,0,0,0,0,,,,,,,
643,B - SPECIAL & LOCAL LAWS,KARNATAKA STATE LOCAL ACTS,Karnataka University Act,0,0,0,0,,,,,,,
644,B - SPECIAL & LOCAL LAWS,KARNATAKA STATE LOCAL ACTS,Karnataka Corruption Act,0,0,0,0,,,,,,,
645,B - SPECIAL & LOCAL LAWS,KARNATAKA STATE LOCAL ACTS,Karnataka Medical Registration Act 1965,4,0,1,0,,,,,,,
646,B - SPECIAL & LOCAL LAWS,KARNATAKA STATE LOCAL ACTS,Karnataka Land & Revenue Act 1964 & 2007,34,4,3,2,,,,,,,
647,B - SPECIAL & LOCAL LAWS,KARNATAKA STATE LOCAL ACTS,Karnataka Kerosene Dealers License Order 1969,0,0,0,0,,,,,,,
648,B - SPECIAL & LOCAL LAWS,KARNATAKA STATE LOCAL ACTS,Karnataka Society Registration Act,0,0,0,0,,,,,,,
649,B - SPECIAL & LOCAL LAWS,KARNATAKA STATE LOCAL ACTS,Karnataka Minor Mineral Consistent Rule 1994,18,2,1,2,,,,,,,
650,B - SPECIAL & LOCAL LAWS,KARNATAKA STATE LOCAL ACTS,Bangalore Development Authority Act,0,0,0,0,,,,,,,
651,B - SPECIAL & LOCAL LAWS,KARNATAKA STATE LOCAL ACTS,Karnataka Prohibition of Beggery Act 1975,57,0,1,1,,,,,,,
652,B - SPECIAL & LOCAL LAWS,KARNATAKA STATE LOCAL ACTS,Karnataka Municipalities Act 1964,1,0,0,0,,7,,,,,
653,B - SPECIAL & LOCAL LAWS,KARNATAKA STATE LOCAL ACTS,Karnataka Irrigation Act 1963,4,0,0,0,,1,,,,,
654,B - SPECIAL & LOCAL LAWS,KARNATAKA STATE LOCAL ACTS,Karnataka Fire Force act 1964,4,0,0,0,,0,,,,,
655,B - SPECIAL & LOCAL LAWS,KARNATAKA STATE LOCAL ACTS,Karnataka Consumer Protection Act 1986,0,0,0,0,,2,,,,,
656,B - SPECIAL & LOCAL LAWS,KARNATAKA STATE LOCAL ACTS,Karnataka Lottery Act,57,3,2,3,,8,,,,,
657,B - SPECIAL & LOCAL LAWS,KARNATAKA STATE LOCAL ACTS,Karnataka Weight & Measurement Act,0,0,0,0,,60,,,,,
658,B - SPECIAL & LOCAL LAWS,KARNATAKA STATE LOCAL ACTS,Karnataka Agriculture Marketing Regulation Act,0,0,0,0,,0,,,,,
659,B - SPECIAL & LOCAL LAWS,KARNATAKA STATE LOCAL ACTS,Karnataka Revenue Act,1,0,0,0,,0,,,,,
660,B - SPECIAL & LOCAL LAWS,KARNATAKA STATE LOCAL ACTS,Karnataka Mining Act,2,0,0,0,,65,,,,,
661,B - SPECIAL & LOCAL LAWS,KARNATAKA STATE LOCAL ACTS,Karnataka Betting Tax Act,0,0,0,0,,3,,,,,
662,B - SPECIAL & LOCAL LAWS,KARNATAKA STATE LOCAL ACTS,Karnataka Panchayat Raj Act,2,0,1,0,,1,,,,,
663,B - SPECIAL & LOCAL LAWS,KARNATAKA STATE LOCAL ACTS,Karnataka Open Place Disfigurement Act 1951,598,15,495,4,,1,,,,,
664,B - SPECIAL & LOCAL LAWS,KARNATAKA STATE LOCAL ACTS,Karnataka Right To Information Act 2000 & 2008,2,0,1,0,,2,,,,,
665,B - SPECIAL & LOCAL LAWS,KARNATAKA STATE LOCAL ACTS,Karnataka Urban Development Act 1987,0,0,0,0,,4,,,,,
666,B - SPECIAL & LOCAL LAWS,KARNATAKA STATE LOCAL ACTS,Karnataka Town & City Planning Act 1961,0,0,0,0,,1,,,,,
667,B - SPECIAL & LOCAL LAWS,KARNATAKA STATE LOCAL ACTS,Karnataka Race Betting Act,0,0,0,0,,18,,,,,
668,B - SPECIAL & LOCAL LAWS,KARNATAKA STATE LOCAL ACTS,Karnataka Devadasi's (Prohibition Of Dedication) Act 1982,0,0,0,0,,0,,,,,
669,B - SPECIAL & LOCAL LAWS,KARNATAKA STATE LOCAL ACTS,Cooperative Society Act,1,0,0,0,,1,,,,,
670,B - SPECIAL & LOCAL LAWS,KARNATAKA STATE LOCAL ACTS,Karnataka Entertainment Tax Act 1958,5,1,0,1,,3,,,,,
671,B - SPECIAL & LOCAL LAWS,KARNATAKA STATE LOCAL ACTS,Karnataka Land Acquisition (Prohibition) Act 2007,0,0,0,0,,5,,,,,
672,B - SPECIAL & LOCAL LAWS,KARNATAKA STATE LOCAL ACTS,Karnataka Money Lender Act 1961,16,1,2,0,,0,,,,,
673,B - SPECIAL & LOCAL LAWS,KARNATAKA STATE LOCAL ACTS,Karnataka Stamp Act 1957,0,0,0,0,,1,,,,,
674,B - SPECIAL & LOCAL LAWS,KARNATAKA STATE LOCAL ACTS,Karnataka Prisoners Act 1963 & 1974,44,11,7,5,,36,,,,,
675,B - SPECIAL & LOCAL LAWS,KARNATAKA STATE LOCAL ACTS,Karnataka Private Medical Institution Act 2007,8,0,0,0,,0,,,,,
676,B - SPECIAL & LOCAL LAWS,KARNATAKA STATE LOCAL ACTS,MMRD (Mines & Minerals Regulation Development ) Act 1957,73,9,10,4,,1,,,,,9245
677,B - SPECIAL & LOCAL LAWS,KARNATAKA STATE LOCAL ACTS,Karnataka Treasure Trove Act 1962,6,0,1,1,,0,,,,,9227
678,B - SPECIAL & LOCAL LAWS,KARNATAKA STATE LOCAL ACTS,Karnataka Prohibition of Charging Exorbitant Interest Act 2004,18,2,1,0,,0,,,,,18
679,B - SPECIAL & LOCAL LAWS,KARNATAKA STATE LOCAL ACTS,Karnataka Ayurvedic And Unani Pract. Regis. & Medical Prac. Misc. Prov. Act,0,0,0,0,,0,,,,,
680,B - SPECIAL & LOCAL LAWS,KARNATAKA STATE LOCAL ACTS,Other Local Acts,147,10,7,14,,3,,,,,
681,B - SPECIAL & LOCAL LAWS,KARNATAKA STATE LOCAL ACTS,The Karnataka Micro Loan And Small Loan (Prevention of Coercive Actions) Ordinance 2025,18,0,2,0,,,,,,,
682,B - SPECIAL & LOCAL LAWS,CYBER CRIME (INFORMATION TECHNOLOGY ACT),"Information Technology Act 2000, 2009",126,317,10,13,,,,,,,
683,B - SPECIAL & LOCAL LAWS,CYBER CRIME (INFORMATION TECHNOLOGY ACT),CSAM (Child Pornography). Cyber Tip Line,25,2,5,3,,,,,,,
684,B - SPECIAL & LOCAL LAWS,CYBER CRIME (INFORMATION TECHNOLOGY ACT),Online Money Transfer,1262,70,164,182,,,,,,,
685,B - SPECIAL & LOCAL LAWS,CYBER CRIME (INFORMATION TECHNOLOGY ACT),Credit Card Fraud,625,97,62,68,,,,,,,
686,B - SPECIAL & LOCAL LAWS,CYBER CRIME (INFORMATION TECHNOLOGY ACT),Loan App,174,25,22,23,,,,,,,
687,B - SPECIAL & LOCAL LAWS,CYBER CRIME (INFORMATION TECHNOLOGY ACT),"Ransomeware Attack, Installing Spyware & Troman, Using Other Malware & Viruses to infect degital serv",10,0,3,2,,,,,,,
688,B - SPECIAL & LOCAL LAWS,CYBER CRIME (INFORMATION TECHNOLOGY ACT),"Gifts, iPhone & Lottery Fraud",111,12,10,13,,,,,,,
689,B - SPECIAL & LOCAL LAWS,CYBER CRIME (INFORMATION TECHNOLOGY ACT),Deep Fake/Deep Nudes,26,2,4,3,,,,,,,
690,B - SPECIAL & LOCAL LAWS,CYBER CRIME (INFORMATION TECHNOLOGY ACT),"Investment Fraud (Part Time Job, Task, Review)",2297,196,218,154,,,,,,,
691,B - SPECIAL & LOCAL LAWS,CYBER CRIME (INFORMATION TECHNOLOGY ACT),Card Skimming,6,0,1,0,,,,,,,
692,B - SPECIAL & LOCAL LAWS,CYBER CRIME (INFORMATION TECHNOLOGY ACT),Job Fraud,548,50,40,42,,,,,,,
693,B - SPECIAL & LOCAL LAWS,CYBER CRIME (INFORMATION TECHNOLOGY ACT),Business Fraud,130,10,17,12,,,,,,,
694,B - SPECIAL & LOCAL LAWS,CYBER CRIME (INFORMATION TECHNOLOGY ACT),Hacking of Accounts & Ids,190,8,31,30,,,,,,,
695,B - SPECIAL & LOCAL LAWS,CYBER CRIME (INFORMATION TECHNOLOGY ACT),Phishing (Taking Password & Information),39,8,0,9,,,,,,,
696,B - SPECIAL & LOCAL LAWS,CYBER CRIME (INFORMATION TECHNOLOGY ACT),Email Spoofing / Fraud,39,3,6,4,,,,,,,
697,B - SPECIAL & LOCAL LAWS,CYBER CRIME (INFORMATION TECHNOLOGY ACT),SIM card Swapping / SIM Jacking / SIM Cloning,18,5,2,4,,0,,,,,
698,B - SPECIAL & LOCAL LAWS,CYBER CRIME (INFORMATION TECHNOLOGY ACT),Social Media Cases (Instagram/Facebook/Whatsapp/X /Telegram etc),466,43,48,42,,,,,,,
699,B - SPECIAL & LOCAL LAWS,CYBER CRIME (INFORMATION TECHNOLOGY ACT),"Crypto Currency, Bitcoin, etc.",61,11,2,4,,,,,,,
700,B - SPECIAL & LOCAL LAWS,CYBER CRIME (INFORMATION TECHNOLOGY ACT),Remote Access Fraud  (Any Desk/ Team Viewer),10,0,1,1,,,,,,,
701,B - SPECIAL & LOCAL LAWS,CYBER CRIME (INFORMATION TECHNOLOGY ACT),OLX Fraud,157,18,14,14,,,,,,,
702,B - SPECIAL & LOCAL LAWS,CYBER CRIME (INFORMATION TECHNOLOGY ACT),Data Theft,50,2,7,1,,,,,,,
703,B - SPECIAL & LOCAL LAWS,CYBER CRIME (INFORMATION TECHNOLOGY ACT),Fedex,30,102,0,1,,,,,,,
704,B - SPECIAL & LOCAL LAWS,CYBER CRIME (INFORMATION TECHNOLOGY ACT),"OTP Frauds (KYC Update, Apk Link)",721,77,88,121,,,,,,,
705,B - SPECIAL & LOCAL LAWS,CYBER CRIME (INFORMATION TECHNOLOGY ACT),Matrimony Fraud,100,9,11,11,,,,,,,
706,B - SPECIAL & LOCAL LAWS,CYBER CRIME (INFORMATION TECHNOLOGY ACT),Sextortion and Revenge Porn,88,7,11,9,,,,,,,
707,B - SPECIAL & LOCAL LAWS,CYBER CRIME (INFORMATION TECHNOLOGY ACT),Advertising Frauds,54,5,13,5,,,,,,,
708,B - SPECIAL & LOCAL LAWS,CYBER CRIME (INFORMATION TECHNOLOGY ACT),Investment Fraud (Trading & Share Trading),2909,269,320,269,,,,,,,
709,B - SPECIAL & LOCAL LAWS,CYBER CRIME (INFORMATION TECHNOLOGY ACT),Fake Customer Care,268,33,24,33,,,,,,,
710,B - SPECIAL & LOCAL LAWS,CYBER CRIME (INFORMATION TECHNOLOGY ACT),ATM Fraud,16,2,1,2,,,,,,,
711,B - SPECIAL & LOCAL LAWS,CYBER CRIME (INFORMATION TECHNOLOGY ACT),Digital Arrest,277,156,19,26,,,,,,,
712,B - SPECIAL & LOCAL LAWS,CYBER CRIME (INFORMATION TECHNOLOGY ACT),AEPS (Aadhaar),2,2,0,1,,,,,,,
713,B - SPECIAL & LOCAL LAWS,CYBER CRIME (INFORMATION TECHNOLOGY ACT),Others ,1571,147,144,102,,,,,,,
714,B - SPECIAL & LOCAL LAWS,NATIONAL SECURITY ACT,NA,0,0,0,0,,,,,,,
715,B - SPECIAL & LOCAL LAWS,POCSO,Gang Rape,11,0,0,0,,,,,,,
716,B - SPECIAL & LOCAL LAWS,POCSO,Custodial Rape,2,0,0,0,,,,,,,
717,B - SPECIAL & LOCAL LAWS,POCSO,Rape with Murder,1,0,0,0,,,,,,,
718,B - SPECIAL & LOCAL LAWS,POCSO,Rape,2697,196,286,225,,,,,,,
719,B - SPECIAL & LOCAL LAWS,POCSO,Others ,1010,62,95,95,,,,,,,
720,B - SPECIAL & LOCAL LAWS,Aadhar Act,Impersonation,0,0,0,0,,,,,,,
721,B - SPECIAL & LOCAL LAWS,Aadhar Act,Offence by Individual,1,0,1,0,,,,,,,
722,B - SPECIAL & LOCAL LAWS,Aadhar Act,Offence by Company,0,0,0,0,,,,,,,
723,C. CRIMES AGAINST WOMEN,Rape (Sec. 376 IPC),1.1  Custodial Rape,0,0,0,0,,,,,,,
724,C. CRIMES AGAINST WOMEN,Rape (Sec. 376 IPC),1.2  Gang Rape,13,2,0,4,,,,,,,
725,C. CRIMES AGAINST WOMEN,Rape (Sec. 376 IPC),1.3  other Cases of Rape,548,52,44,46,,,,,,,
726,C. CRIMES AGAINST WOMEN,Outraging modesty (Molestation) (sec.354 IPC),NA,4867,454,463,509,,412,,,,,
727,C. CRIMES AGAINST WOMEN,Kidnapping & Abduction of Women: (Sec.366 IPC),NA,103,15,9,12,,13,,,,,
728,C. CRIMES AGAINST WOMEN,Insulting modesty (Eve-Teasing) (Sec.294 & 509 IPC if victim is a woman),NA,333,18,37,34,,399,,,,,
729,C. CRIMES AGAINST WOMEN,Murder for Dowry - by burning (Sec.302 IPC),NA,1,0,0,0,,,,,,,
730,C. CRIMES AGAINST WOMEN,"Murder for Dowry - by other means
(Sec.302 IPC)",NA,5,1,0,1,,,,,,,
731,C. CRIMES AGAINST WOMEN,Murder for other reasons,NA,318,25,37,39,668,,,,,,
732,C. CRIMES AGAINST WOMEN,Attempt to Commit Murder for dowry by burning (Sec.307 IPC),NA,2,0,0,1,37,,738,,,327,
733,C. CRIMES AGAINST WOMEN,Attempt to Commit Murder for dowry by other means (Sec.307 IPC),NA,15,2,3,1,631,,34,,,11,
734,C. CRIMES AGAINST WOMEN,Attempt to Commit murder for other reasons,NA,838,58,91,98,213,,704,,,316,
735,C. CRIMES AGAINST WOMEN,"Dowry Death-by burning
(Sec.304-B IPC)",NA,1,0,0,0,16,,459-32,,,,
736,C. CRIMES AGAINST WOMEN,Dowry Death-by other Means (Sec.304(B) IPC),NA,97,9,6,13,197,,,,,,
737,C. CRIMES AGAINST WOMEN,Cruelty by Husband or Relatives of Husband (Sec.498-A IPC),NA,2389,216,245,270,,,,,855,,
738,C. CRIMES AGAINST WOMEN,Abetment of Suicide (Sec.306 IPC),NA,150,6,17,20,,408,,,17,,
739,C. CRIMES AGAINST WOMEN,Immoral Traffic (prevention) Act.,NA,272,26,29,17,,,,,838,,
740,C. CRIMES AGAINST WOMEN,Indecent Representation of Women(Prohibition) Act-1986,NA,1,0,0,0,,,,,,,
741,C. CRIMES AGAINST WOMEN,Pornography,NA,2,0,1,0,,,224,,,,
742,C. CRIMES AGAINST WOMEN,Offences against Public Servants (Sec.182-188-333-353 IPC),NA,124,7,16,15,,,,393,,,
743,C. CRIMES AGAINST WOMEN,Offences related to Marriage,NA,25,3,4,0,,,,29,,,
744,C. CRIMES AGAINST WOMEN,Cyber Crimes,NA,3703,523,397,34,,,,364,,,
745,D.CRIME AGAINST CHILDREN,"Infanticide/ Foeticide 
(Sec. 315 & 316 IPC)",NA,5,1,0,0,,,,,,,
746,D.CRIME AGAINST CHILDREN,Rape on Minor,NA,0,0,0,0,,,,,,,
747,D.CRIME AGAINST CHILDREN,Exposure & abandonment (Sec. 317 IPC),NA,56,8,7,5,,,,,,,
748,D.CRIME AGAINST CHILDREN,Kidnapping & Abduction of Children,NA,3210,271,306,394,,,,,,,
749,D.CRIME AGAINST CHILDREN,For Ransom - of Children,NA,6,3,1,0,,,,,,,
750,D.CRIME AGAINST CHILDREN,of Children - for begging,NA,0,0,0,0,,,,,,,
751,D.CRIME AGAINST CHILDREN,of Girls - Immoral Purpose,NA,0,0,0,0,,,,,,,
752,D.CRIME AGAINST CHILDREN,With intent to Steal from Child,NA,0,0,0,0,,,,,,,
753,D.CRIME AGAINST CHILDREN,Lawful Guardianship,NA,2,0,0,1,,,,,,,
754,D.CRIME AGAINST CHILDREN,Procuration of Minor Girls - For Prostitution,NA,0,0,0,0,,,,3521,,,
755,D.CRIME AGAINST CHILDREN,Procuration of Minor Girls - Importing of Girl,NA,0,0,0,0,,,,31,,,
756,D.CRIME AGAINST CHILDREN,Procuration of Minor Girls - For Other Purposes,NA,12,0,1,0,,,,3490,,,
757,D.CRIME AGAINST CHILDREN,Selling of girls for Prostitution (Sec.372 IPC),NA,0,0,0,0,,,,,,,
758,D.CRIME AGAINST CHILDREN,The Prohibition of Child Marriage Act - 2006,NA,173,8,17,17,,,,,,,
759,D.CRIME AGAINST CHILDREN,POCSO Act,NA,3721,258,381,320,,,,,,,
760,D.CRIME AGAINST CHILDREN,Death of Children due to miscarriage,NA,15,4,0,0,,,,,,,
761,D.CRIME AGAINST CHILDREN,Juvenile Justice Act,NA,119,9,8,8,,,,,,,
762,D.CRIME AGAINST CHILDREN,Child Labour (Pro.& Reg.) Act,NA,69,2,4,4,,,,,,,
763,D.CRIME AGAINST CHILDREN,Probation of Offenders Act,NA,0,0,0,0,,,,,,,
764,"    E. CRIME AGAINST SCHEDULED CASTES /TRIBES BY NON SCs/STs 
",Murder,,81,5,6,7,,,,,,,
765,"    E. CRIME AGAINST SCHEDULED CASTES /TRIBES BY NON SCs/STs 
",Rape,,102,4,12,7,,,,,,,
766,"    E. CRIME AGAINST SCHEDULED CASTES /TRIBES BY NON SCs/STs 
",Kidnapping,,153,12,15,12,,,,,,,
767,"    E. CRIME AGAINST SCHEDULED CASTES /TRIBES BY NON SCs/STs 
",Offences under the Protection of Civil Rights Act.,,0,0,0,0,,,,,,,
768,"    E. CRIME AGAINST SCHEDULED CASTES /TRIBES BY NON SCs/STs 
",Offences under the SC & ST  (prevention of Atrocities)Act 1989 (if the victim is SC),,1600,134,176,190,,,,,,,
