law_type,category_seq,source_sl,category,row_type,subtype,count,year
IPC,1,1,"Murder (Sec.302/303 IPC/103,104 BNS)",subtype,For gain,43,2025
IPC,1,1,"Murder (Sec.302/303 IPC/103,104 BNS)",subtype,Over Property Dispute,24,2025
IPC,1,1,"Murder (Sec.302/303 IPC/103,104 BNS)",subtype,Due to Personal Vendetta or enemity,34,2025
IPC,1,1,"Murder (Sec.302/303 IPC/103,104 BNS)",subtype,Due to Sexual jealousy,23,2025
IPC,1,1,"Murder (Sec.302/303 IPC/103,104 BNS)",subtype,For dowry by burning,1,2025
IPC,1,1,"Murder (Sec.302/303 IPC/103,104 BNS)",subtype,For dowry by other means,7,2025
IPC,1,1,"Murder (Sec.302/303 IPC/103,104 BNS)",subtype,Due to Communalism,1,2025
IPC,1,1,"Murder (Sec.302/303 IPC/103,104 BNS)",subtype,Due to Casteism,1,2025
IPC,1,1,"Murder (Sec.302/303 IPC/103,104 BNS)",subtype,Witch Craft (Sorcery),0,2025
IPC,1,1,"Murder (Sec.302/303 IPC/103,104 BNS)",subtype,For Human Sacrifice,1,2025
IPC,1,1,"Murder (Sec.302/303 IPC/103,104 BNS)",subtype,Due to Terrorism/Naxalism / Extremism,0,2025
IPC,1,1,"Murder (Sec.302/303 IPC/103,104 BNS)",subtype,For Political Reasons,0,2025
IPC,1,1,"Murder (Sec.302/303 IPC/103,104 BNS)",subtype,Due to Adultery,20,2025
IPC,1,1,"Murder (Sec.302/303 IPC/103,104 BNS)",subtype,Civil Disputes,49,2025
IPC,1,1,"Murder (Sec.302/303 IPC/103,104 BNS)",subtype,Electoral Gain,0,2025
IPC,1,1,"Murder (Sec.302/303 IPC/103,104 BNS)",subtype,Gang Rivalry,3,2025
IPC,1,1,"Murder (Sec.302/303 IPC/103,104 BNS)",subtype,Love Intrigue,23,2025
IPC,1,1,"Murder (Sec.302/303 IPC/103,104 BNS)",subtype,Professional,0,2025
IPC,1,1,"Murder (Sec.302/303 IPC/103,104 BNS)",subtype,Psychopathic/Serial Killer/Lunacy,0,2025
IPC,1,1,"Murder (Sec.302/303 IPC/103,104 BNS)",subtype,Rape with Murder,10,2025
IPC,1,1,"Murder (Sec.302/303 IPC/103,104 BNS)",subtype,Revenge/Enemity,45,2025
IPC,1,1,"Murder (Sec.302/303 IPC/103,104 BNS)",subtype,Sudden Quarrel,96,2025
IPC,1,1,"Murder (Sec.302/303 IPC/103,104 BNS)",subtype,Village Dispute,0,2025
IPC,1,1,"Murder (Sec.302/303 IPC/103,104 BNS)",subtype,Custodial,0,2025
IPC,1,1,"Murder (Sec.302/303 IPC/103,104 BNS)",subtype,Due to Other Causes,829,2025
IPC,1,1,"Murder (Sec.302/303 IPC/103,104 BNS)",subtotal,TOTAL,1210,2025
IPC,2,2,ATTEMPT TO MURDER (Sec. 307 IPC/109BNS),subtype,For Gain,19,2025
IPC,2,2,ATTEMPT TO MURDER (Sec. 307 IPC/109BNS),subtype,Over Property Dispute,80,2025
IPC,2,2,ATTEMPT TO MURDER (Sec. 307 IPC/109BNS),subtype,Due to Personal Vendetta or enemity,83,2025
IPC,2,2,ATTEMPT TO MURDER (Sec. 307 IPC/109BNS),subtype,Due to Sexual jealousy,14,2025
IPC,2,2,ATTEMPT TO MURDER (Sec. 307 IPC/109BNS),subtype,For Dowry other Means,20,2025
IPC,2,2,ATTEMPT TO MURDER (Sec. 307 IPC/109BNS),subtype,Dowry By Burning,2,2025
IPC,2,2,ATTEMPT TO MURDER (Sec. 307 IPC/109BNS),subtype,Due to Communalism,2,2025
IPC,2,2,ATTEMPT TO MURDER (Sec. 307 IPC/109BNS),subtype,Due to Casteism,1,2025
IPC,2,2,ATTEMPT TO MURDER (Sec. 307 IPC/109BNS),subtype,Witch Craft (Sorcery),0,2025
IPC,2,2,ATTEMPT TO MURDER (Sec. 307 IPC/109BNS),subtype,For Human Sacrifice,0,2025
IPC,2,2,ATTEMPT TO MURDER (Sec. 307 IPC/109BNS),subtype,Terrorism /Naxalism / Extremism,0,2025
IPC,2,2,ATTEMPT TO MURDER (Sec. 307 IPC/109BNS),subtype,For Political Reasons,6,2025
IPC,2,2,ATTEMPT TO MURDER (Sec. 307 IPC/109BNS),subtype,Adultery,16,2025
IPC,2,2,ATTEMPT TO MURDER (Sec. 307 IPC/109BNS),subtype,Electoral Gain,0,2025
IPC,2,2,ATTEMPT TO MURDER (Sec. 307 IPC/109BNS),subtype,Gang Rivalry,3,2025
IPC,2,2,ATTEMPT TO MURDER (Sec. 307 IPC/109BNS),subtype,Love Intrigue,23,2025
IPC,2,2,ATTEMPT TO MURDER (Sec. 307 IPC/109BNS),subtype,Professional,8,2025
IPC,2,2,ATTEMPT TO MURDER (Sec. 307 IPC/109BNS),subtype,Rape,1,2025
IPC,2,2,ATTEMPT TO MURDER (Sec. 307 IPC/109BNS),subtype,Revenge/Enemity,237,2025
IPC,2,2,ATTEMPT TO MURDER (Sec. 307 IPC/109BNS),subtype,Sudden Quarrel,308,2025
IPC,2,2,ATTEMPT TO MURDER (Sec. 307 IPC/109BNS),subtype,Village Dispute,6,2025
IPC,2,2,ATTEMPT TO MURDER (Sec. 307 IPC/109BNS),subtype,Due to Other Causes,2095,2025
IPC,2,2,ATTEMPT TO MURDER (Sec. 307 IPC/109BNS),subtype,Civil Disputes,334,2025
IPC,2,2,ATTEMPT TO MURDER (Sec. 307 IPC/109BNS),subtotal,TOTAL,3258,2025
IPC,3,3,CULPABLE HOMICIDE NOT AMOUNTING TO MUDER (Sec.304 IPC/105 BNS),subtype,For Gain,0,2025
IPC,3,3,CULPABLE HOMICIDE NOT AMOUNTING TO MUDER (Sec.304 IPC/105 BNS),subtype,Over Civil Dispute,1,2025
IPC,3,3,CULPABLE HOMICIDE NOT AMOUNTING TO MUDER (Sec.304 IPC/105 BNS),subtype,Due to Personal Vendetta or enemity,0,2025
IPC,3,3,CULPABLE HOMICIDE NOT AMOUNTING TO MUDER (Sec.304 IPC/105 BNS),subtype,Due to Sexual jealousy,0,2025
IPC,3,3,CULPABLE HOMICIDE NOT AMOUNTING TO MUDER (Sec.304 IPC/105 BNS),subtype,For Dowry,0,2025
IPC,3,3,CULPABLE HOMICIDE NOT AMOUNTING TO MUDER (Sec.304 IPC/105 BNS),subtype,Due to Communalism,0,2025
IPC,3,3,CULPABLE HOMICIDE NOT AMOUNTING TO MUDER (Sec.304 IPC/105 BNS),subtype,Due to Casteism,0,2025
IPC,3,3,CULPABLE HOMICIDE NOT AMOUNTING TO MUDER (Sec.304 IPC/105 BNS),subtype,Witch Craft (Sorcery),0,2025
IPC,3,3,CULPABLE HOMICIDE NOT AMOUNTING TO MUDER (Sec.304 IPC/105 BNS),subtype,For Human Sacrifice,0,2025
IPC,3,3,CULPABLE HOMICIDE NOT AMOUNTING TO MUDER (Sec.304 IPC/105 BNS),subtype,Terrorism /Naxalism / Extremism,0,2025
IPC,3,3,CULPABLE HOMICIDE NOT AMOUNTING TO MUDER (Sec.304 IPC/105 BNS),subtype,For Political Reasons,0,2025
IPC,3,3,CULPABLE HOMICIDE NOT AMOUNTING TO MUDER (Sec.304 IPC/105 BNS),subtype,Adultery,0,2025
IPC,3,3,CULPABLE HOMICIDE NOT AMOUNTING TO MUDER (Sec.304 IPC/105 BNS),subtype,Property Disputes,0,2025
IPC,3,3,CULPABLE HOMICIDE NOT AMOUNTING TO MUDER (Sec.304 IPC/105 BNS),subtype,Electoral Gain,4,2025
IPC,3,3,CULPABLE HOMICIDE NOT AMOUNTING TO MUDER (Sec.304 IPC/105 BNS),subtype,Gang Rivalry,0,2025
IPC,3,3,CULPABLE HOMICIDE NOT AMOUNTING TO MUDER (Sec.304 IPC/105 BNS),subtype,Love Intrigue,0,2025
IPC,3,3,CULPABLE HOMICIDE NOT AMOUNTING TO MUDER (Sec.304 IPC/105 BNS),subtype,Professional,1,2025
IPC,3,3,CULPABLE HOMICIDE NOT AMOUNTING TO MUDER (Sec.304 IPC/105 BNS),subtype,Sudden Quarrel,10,2025
IPC,3,3,CULPABLE HOMICIDE NOT AMOUNTING TO MUDER (Sec.304 IPC/105 BNS),subtype,Due to Other Causes,82,2025
IPC,3,3,CULPABLE HOMICIDE NOT AMOUNTING TO MUDER (Sec.304 IPC/105 BNS),subtype,Fatal (Drink & Drive),26,2025
IPC,3,3,CULPABLE HOMICIDE NOT AMOUNTING TO MUDER (Sec.304 IPC/105 BNS),subtotal,TOTAL,124,2025
IPC,4,4,ATTEMPT TO CULPABLE HOMICIDE NOT AMOUNTING TO MURDER (Sec. 308 IPC/110 BNS),subtype,For Gain,0,2025
IPC,4,4,ATTEMPT TO CULPABLE HOMICIDE NOT AMOUNTING TO MURDER (Sec. 308 IPC/110 BNS),subtype,Over Civil Dispute,2,2025
IPC,4,4,ATTEMPT TO CULPABLE HOMICIDE NOT AMOUNTING TO MURDER (Sec. 308 IPC/110 BNS),subtype,Due to Personal Vendetta or enemity,0,2025
IPC,4,4,ATTEMPT TO CULPABLE HOMICIDE NOT AMOUNTING TO MURDER (Sec. 308 IPC/110 BNS),subtype,Due to Sexual jealousy,0,2025
IPC,4,4,ATTEMPT TO CULPABLE HOMICIDE NOT AMOUNTING TO MURDER (Sec. 308 IPC/110 BNS),subtype,For Dowry,0,2025
IPC,4,4,ATTEMPT TO CULPABLE HOMICIDE NOT AMOUNTING TO MURDER (Sec. 308 IPC/110 BNS),subtype,Due to Communalism,0,2025
IPC,4,4,ATTEMPT TO CULPABLE HOMICIDE NOT AMOUNTING TO MURDER (Sec. 308 IPC/110 BNS),subtype,Due to Casteism,0,2025
IPC,4,4,ATTEMPT TO CULPABLE HOMICIDE NOT AMOUNTING TO MURDER (Sec. 308 IPC/110 BNS),subtype,Witch Craft (Sorcery),0,2025
IPC,4,4,ATTEMPT TO CULPABLE HOMICIDE NOT AMOUNTING TO MURDER (Sec. 308 IPC/110 BNS),subtype,For Human Sacrifice,0,2025
IPC,4,4,ATTEMPT TO CULPABLE HOMICIDE NOT AMOUNTING TO MURDER (Sec. 308 IPC/110 BNS),subtype,Terrorism /Naxalism / Extremism,0,2025
IPC,4,4,ATTEMPT TO CULPABLE HOMICIDE NOT AMOUNTING TO MURDER (Sec. 308 IPC/110 BNS),subtype,For Political Reasons,0,2025
IPC,4,4,ATTEMPT TO CULPABLE HOMICIDE NOT AMOUNTING TO MURDER (Sec. 308 IPC/110 BNS),subtype,Due to Other Causes,50,2025
IPC,4,4,ATTEMPT TO CULPABLE HOMICIDE NOT AMOUNTING TO MURDER (Sec. 308 IPC/110 BNS),subtype,Adultery,1,2025
IPC,4,4,ATTEMPT TO CULPABLE HOMICIDE NOT AMOUNTING TO MURDER (Sec. 308 IPC/110 BNS),subtype,Property Disputes,3,2025
IPC,4,4,ATTEMPT TO CULPABLE HOMICIDE NOT AMOUNTING TO MURDER (Sec. 308 IPC/110 BNS),subtype,Electoral Gain,0,2025
IPC,4,4,ATTEMPT TO CULPABLE HOMICIDE NOT AMOUNTING TO MURDER (Sec. 308 IPC/110 BNS),subtype,Gang Rivalry,0,2025
IPC,4,4,ATTEMPT TO CULPABLE HOMICIDE NOT AMOUNTING TO MURDER (Sec. 308 IPC/110 BNS),subtype,Love Intrigue,2,2025
IPC,4,4,ATTEMPT TO CULPABLE HOMICIDE NOT AMOUNTING TO MURDER (Sec. 308 IPC/110 BNS),subtype,Professional,0,2025
IPC,4,4,ATTEMPT TO CULPABLE HOMICIDE NOT AMOUNTING TO MURDER (Sec. 308 IPC/110 BNS),subtype,Sudden Quarrel,10,2025
IPC,4,4,ATTEMPT TO CULPABLE HOMICIDE NOT AMOUNTING TO MURDER (Sec. 308 IPC/110 BNS),subtotal,TOTAL,68,2025
IPC,5,5,"RAPE (Sec.376, 376(A) to 376 (D) IPC/64 TO 71 BNS)",subtype,Custodial Rape,0,2025
IPC,5,5,"RAPE (Sec.376, 376(A) to 376 (D) IPC/64 TO 71 BNS)",subtype,Attempt to Commit,14,2025
IPC,5,5,"RAPE (Sec.376, 376(A) to 376 (D) IPC/64 TO 71 BNS)",subtype,By a Gang,16,2025
IPC,5,5,"RAPE (Sec.376, 376(A) to 376 (D) IPC/64 TO 71 BNS)",subtype,By Parents,3,2025
IPC,5,5,"RAPE (Sec.376, 376(A) to 376 (D) IPC/64 TO 71 BNS)",subtype,By Hospital Staff,5,2025
IPC,5,5,"RAPE (Sec.376, 376(A) to 376 (D) IPC/64 TO 71 BNS)",subtype,By Husband During Sepearation,6,2025
IPC,5,5,"RAPE (Sec.376, 376(A) to 376 (D) IPC/64 TO 71 BNS)",subtype,By Neighbours,38,2025
IPC,5,5,"RAPE (Sec.376, 376(A) to 376 (D) IPC/64 TO 71 BNS)",subtype,By Relatives,31,2025
IPC,5,5,"RAPE (Sec.376, 376(A) to 376 (D) IPC/64 TO 71 BNS)",subtype,In Jail Custody,0,2025
IPC,5,5,"RAPE (Sec.376, 376(A) to 376 (D) IPC/64 TO 71 BNS)",subtype,In Remand Home,0,2025
IPC,5,5,"RAPE (Sec.376, 376(A) to 376 (D) IPC/64 TO 71 BNS)",subtype,InCest,0,2025
IPC,5,5,"RAPE (Sec.376, 376(A) to 376 (D) IPC/64 TO 71 BNS)",subtype,Known Person,317,2025
IPC,5,5,"RAPE (Sec.376, 376(A) to 376 (D) IPC/64 TO 71 BNS)",subtype,Unknown Person,21,2025
IPC,5,5,"RAPE (Sec.376, 376(A) to 376 (D) IPC/64 TO 71 BNS)",subtype,Due to Other Causes,205,2025
IPC,5,5,"RAPE (Sec.376, 376(A) to 376 (D) IPC/64 TO 71 BNS)",subtype,On Minor,0,2025
IPC,5,5,"RAPE (Sec.376, 376(A) to 376 (D) IPC/64 TO 71 BNS)",subtotal,TOTAL,656,2025
IPC,6,6,Sexual Intercourse by employing deceitful means (Se 69 BNS),subtype,False promises of marriage,236,2025
IPC,6,6,Sexual Intercourse by employing deceitful means (Se 69 BNS),subtype,Falsely claiming a job promotion or employment,2,2025
IPC,6,6,Sexual Intercourse by employing deceitful means (Se 69 BNS),subtype,Suppressing identity to induce marriage,1,2025
IPC,6,6,Sexual Intercourse by employing deceitful means (Se 69 BNS),subtype,Other,10,2025
IPC,6,6,Sexual Intercourse by employing deceitful means (Se 69 BNS),subtotal,TOTAL,249,2025
IPC,7,7,"KIDNAPPING AND ABDUCTION (Sec.360, 361, 363 to 369 IPC/137(1)(A),137(1)(B),137(2),140 TO 142,97 BNS)",subtype,Missing - Boy,2673,2025
IPC,7,7,"KIDNAPPING AND ABDUCTION (Sec.360, 361, 363 to 369 IPC/137(1)(A),137(1)(B),137(2),140 TO 142,97 BNS)",subtype,Missing - Girl,997,2025
IPC,7,7,"KIDNAPPING AND ABDUCTION (Sec.360, 361, 363 to 369 IPC/137(1)(A),137(1)(B),137(2),140 TO 142,97 BNS)",subtype,For Ransom - of Children,8,2025
IPC,7,7,"KIDNAPPING AND ABDUCTION (Sec.360, 361, 363 to 369 IPC/137(1)(A),137(1)(B),137(2),140 TO 142,97 BNS)",subtype,For Ransom - of Cildren for Begging,0,2025
IPC,7,7,"KIDNAPPING AND ABDUCTION (Sec.360, 361, 363 to 369 IPC/137(1)(A),137(1)(B),137(2),140 TO 142,97 BNS)",subtype,For Ransom - of Women,12,2025
IPC,7,7,"KIDNAPPING AND ABDUCTION (Sec.360, 361, 363 to 369 IPC/137(1)(A),137(1)(B),137(2),140 TO 142,97 BNS)",subtype,For Ransom - of Girls for Immoral Purpose,0,2025
IPC,7,7,"KIDNAPPING AND ABDUCTION (Sec.360, 361, 363 to 369 IPC/137(1)(A),137(1)(B),137(2),140 TO 142,97 BNS)",subtype,For Ransom - of Others,65,2025
IPC,7,7,"KIDNAPPING AND ABDUCTION (Sec.360, 361, 363 to 369 IPC/137(1)(A),137(1)(B),137(2),140 TO 142,97 BNS)",subtype,Procuration of Minor Girls - For Prostitution,1,2025
IPC,7,7,"KIDNAPPING AND ABDUCTION (Sec.360, 361, 363 to 369 IPC/137(1)(A),137(1)(B),137(2),140 TO 142,97 BNS)",subtype,Procuration of Minor Girls - Importring of Girl,0,2025
IPC,7,7,"KIDNAPPING AND ABDUCTION (Sec.360, 361, 363 to 369 IPC/137(1)(A),137(1)(B),137(2),140 TO 142,97 BNS)",subtype,Procuration of Minor Girls - For other Purpose,15,2025
IPC,7,7,"KIDNAPPING AND ABDUCTION (Sec.360, 361, 363 to 369 IPC/137(1)(A),137(1)(B),137(2),140 TO 142,97 BNS)",subtype,Espionage,0,2025
IPC,7,7,"KIDNAPPING AND ABDUCTION (Sec.360, 361, 363 to 369 IPC/137(1)(A),137(1)(B),137(2),140 TO 142,97 BNS)",subtype,Intent to Steal From Child,0,2025
IPC,7,7,"KIDNAPPING AND ABDUCTION (Sec.360, 361, 363 to 369 IPC/137(1)(A),137(1)(B),137(2),140 TO 142,97 BNS)",subtype,Murder (Homicide),0,2025
IPC,7,7,"KIDNAPPING AND ABDUCTION (Sec.360, 361, 363 to 369 IPC/137(1)(A),137(1)(B),137(2),140 TO 142,97 BNS)",subtype,Obtain Signature Forcibly,1,2025
IPC,7,7,"KIDNAPPING AND ABDUCTION (Sec.360, 361, 363 to 369 IPC/137(1)(A),137(1)(B),137(2),140 TO 142,97 BNS)",subtype,Recovering Loan,3,2025
IPC,7,7,"KIDNAPPING AND ABDUCTION (Sec.360, 361, 363 to 369 IPC/137(1)(A),137(1)(B),137(2),140 TO 142,97 BNS)",subtype,Settling any Disputes,9,2025
IPC,7,7,"KIDNAPPING AND ABDUCTION (Sec.360, 361, 363 to 369 IPC/137(1)(A),137(1)(B),137(2),140 TO 142,97 BNS)",subtype,Unnatural Lust / Illicit Intercourse,0,2025
IPC,7,7,"KIDNAPPING AND ABDUCTION (Sec.360, 361, 363 to 369 IPC/137(1)(A),137(1)(B),137(2),140 TO 142,97 BNS)",subtype,Wrongful Confinement,13,2025
IPC,7,7,"KIDNAPPING AND ABDUCTION (Sec.360, 361, 363 to 369 IPC/137(1)(A),137(1)(B),137(2),140 TO 142,97 BNS)",subtype,For Exporting,0,2025
IPC,7,7,"KIDNAPPING AND ABDUCTION (Sec.360, 361, 363 to 369 IPC/137(1)(A),137(1)(B),137(2),140 TO 142,97 BNS)",subtype,From Lawful Guardianship,7,2025
IPC,7,7,"KIDNAPPING AND ABDUCTION (Sec.360, 361, 363 to 369 IPC/137(1)(A),137(1)(B),137(2),140 TO 142,97 BNS)",subtype,For Camel Racing Etc.,0,2025
IPC,7,7,"KIDNAPPING AND ABDUCTION (Sec.360, 361, 363 to 369 IPC/137(1)(A),137(1)(B),137(2),140 TO 142,97 BNS)",subtype,To Compel For Marriage,11,2025
IPC,7,7,"KIDNAPPING AND ABDUCTION (Sec.360, 361, 363 to 369 IPC/137(1)(A),137(1)(B),137(2),140 TO 142,97 BNS)",subtype,For Slavery,1,2025
IPC,7,7,"KIDNAPPING AND ABDUCTION (Sec.360, 361, 363 to 369 IPC/137(1)(A),137(1)(B),137(2),140 TO 142,97 BNS)",subtype,For Stealing From its Person,2,2025
IPC,7,7,"KIDNAPPING AND ABDUCTION (Sec.360, 361, 363 to 369 IPC/137(1)(A),137(1)(B),137(2),140 TO 142,97 BNS)",subtype,Others,391,2025
IPC,7,7,"KIDNAPPING AND ABDUCTION (Sec.360, 361, 363 to 369 IPC/137(1)(A),137(1)(B),137(2),140 TO 142,97 BNS)",subtotal,TOTAL,4209,2025
IPC,8,8,"DACOITY (Sec. 395 to 398 IPC/310(2),310(4),311,312 BNS)",subtype,At ATM,0,2025
IPC,8,8,"DACOITY (Sec. 395 to 398 IPC/310(2),310(4),311,312 BNS)",subtype,At Residential Premises,31,2025
IPC,8,8,"DACOITY (Sec. 395 to 398 IPC/310(2),310(4),311,312 BNS)",subtype,On Highways,19,2025
IPC,8,8,"DACOITY (Sec. 395 to 398 IPC/310(2),310(4),311,312 BNS)",subtype,In Trains,1,2025
IPC,8,8,"DACOITY (Sec. 395 to 398 IPC/310(2),310(4),311,312 BNS)",subtype,At Banks,1,2025
IPC,8,8,"DACOITY (Sec. 395 to 398 IPC/310(2),310(4),311,312 BNS)",subtype,At Commercial Places / Establishments,13,2025
IPC,8,8,"DACOITY (Sec. 395 to 398 IPC/310(2),310(4),311,312 BNS)",subtype,On Other Roads,45,2025
IPC,8,8,"DACOITY (Sec. 395 to 398 IPC/310(2),310(4),311,312 BNS)",subtype,In Other Places,33,2025
IPC,8,8,"DACOITY (Sec. 395 to 398 IPC/310(2),310(4),311,312 BNS)",subtype,River & Sea,0,2025
IPC,8,8,"DACOITY (Sec. 395 to 398 IPC/310(2),310(4),311,312 BNS)",subtotal,TOTAL,143,2025
IPC,9,8a,Preparation And Assembly for Dacoity,single,,63,2025
IPC,10,9,"Robbery (Sec.392 to 394 IPC/309(4),309(5),309(6) BNS)",subtype,At ATM,0,2025
IPC,10,9,"Robbery (Sec.392 to 394 IPC/309(4),309(5),309(6) BNS)",subtype,At Residential Premises,107,2025
IPC,10,9,"Robbery (Sec.392 to 394 IPC/309(4),309(5),309(6) BNS)",subtype,On Highways,61,2025
IPC,10,9,"Robbery (Sec.392 to 394 IPC/309(4),309(5),309(6) BNS)",subtype,In Trains,1,2025
IPC,10,9,"Robbery (Sec.392 to 394 IPC/309(4),309(5),309(6) BNS)",subtype,At Banks,1,2025
IPC,10,9,"Robbery (Sec.392 to 394 IPC/309(4),309(5),309(6) BNS)",subtype,At Commercial Places / Establishments,43,2025
IPC,10,9,"Robbery (Sec.392 to 394 IPC/309(4),309(5),309(6) BNS)",subtype,In Other Places,359,2025
IPC,10,9,"Robbery (Sec.392 to 394 IPC/309(4),309(5),309(6) BNS)",subtype,Chain Snatching,459,2025
IPC,10,9,"Robbery (Sec.392 to 394 IPC/309(4),309(5),309(6) BNS)",subtype,Attempt to Commit,53,2025
IPC,10,9,"Robbery (Sec.392 to 394 IPC/309(4),309(5),309(6) BNS)",subtotal,TOTAL,1084,2025
IPC,11,10,"BURGLARY - NIGHT (Sec. 380 IPC R/W 453 TO 460, 462 IPC/305,R/W 331(1) TO 331(8),334(2) BNS)",subtype,At Residential Premises,2379,2025
IPC,11,10,"BURGLARY - NIGHT (Sec. 380 IPC R/W 453 TO 460, 462 IPC/305,R/W 331(1) TO 331(8),334(2) BNS)",subtype,On Highways,3,2025
IPC,11,10,"BURGLARY - NIGHT (Sec. 380 IPC R/W 453 TO 460, 462 IPC/305,R/W 331(1) TO 331(8),334(2) BNS)",subtype,In Trains,0,2025
IPC,11,10,"BURGLARY - NIGHT (Sec. 380 IPC R/W 453 TO 460, 462 IPC/305,R/W 331(1) TO 331(8),334(2) BNS)",subtype,At Banks,29,2025
IPC,11,10,"BURGLARY - NIGHT (Sec. 380 IPC R/W 453 TO 460, 462 IPC/305,R/W 331(1) TO 331(8),334(2) BNS)",subtype,At Commercial Places / Establishments,642,2025
IPC,11,10,"BURGLARY - NIGHT (Sec. 380 IPC R/W 453 TO 460, 462 IPC/305,R/W 331(1) TO 331(8),334(2) BNS)",subtype,In Other Places,461,2025
IPC,11,10,"BURGLARY - NIGHT (Sec. 380 IPC R/W 453 TO 460, 462 IPC/305,R/W 331(1) TO 331(8),334(2) BNS)",subtype,Temple Theft,391,2025
IPC,11,10,"BURGLARY - NIGHT (Sec. 380 IPC R/W 453 TO 460, 462 IPC/305,R/W 331(1) TO 331(8),334(2) BNS)",subtotal,TOTAL,3905,2025
IPC,12,11,"BURGLARY - DAY (Sec. 380 IPC R/W 453 TO 460, 462 IPC/305,R/W 331(1) TO 331(8), 334(2) BNS)",subtype,At Residential Premises,996,2025
IPC,12,11,"BURGLARY - DAY (Sec. 380 IPC R/W 453 TO 460, 462 IPC/305,R/W 331(1) TO 331(8), 334(2) BNS)",subtype,On Highways,0,2025
IPC,12,11,"BURGLARY - DAY (Sec. 380 IPC R/W 453 TO 460, 462 IPC/305,R/W 331(1) TO 331(8), 334(2) BNS)",subtype,In Trains,0,2025
IPC,12,11,"BURGLARY - DAY (Sec. 380 IPC R/W 453 TO 460, 462 IPC/305,R/W 331(1) TO 331(8), 334(2) BNS)",subtype,At Banks,1,2025
IPC,12,11,"BURGLARY - DAY (Sec. 380 IPC R/W 453 TO 460, 462 IPC/305,R/W 331(1) TO 331(8), 334(2) BNS)",subtype,At Commercial Places / Establishments,37,2025
IPC,12,11,"BURGLARY - DAY (Sec. 380 IPC R/W 453 TO 460, 462 IPC/305,R/W 331(1) TO 331(8), 334(2) BNS)",subtype,In Other Places,50,2025
IPC,12,11,"BURGLARY - DAY (Sec. 380 IPC R/W 453 TO 460, 462 IPC/305,R/W 331(1) TO 331(8), 334(2) BNS)",subtype,Temple Theft,17,2025
IPC,12,11,"BURGLARY - DAY (Sec. 380 IPC R/W 453 TO 460, 462 IPC/305,R/W 331(1) TO 331(8), 334(2) BNS)",subtotal,TOTAL,1101,2025
IPC,12,11,"BURGLARY - DAY (Sec. 380 IPC R/W 453 TO 460, 462 IPC/305,R/W 331(1) TO 331(8), 334(2) BNS)",derived_total,Total Burglary (Burglary Day + Burglary Night),5006,2025
IPC,13,12,THEFT (Sec.379 to 389 IPC/303(2) TO 308(7) BNS),subtype,Attempt to commit,52,2025
IPC,13,12,THEFT (Sec.379 to 389 IPC/303(2) TO 308(7) BNS),subtype,Of Automobiles - Of Tractors,84,2025
IPC,13,12,THEFT (Sec.379 to 389 IPC/303(2) TO 308(7) BNS),subtype,In Running Bus,107,2025
IPC,13,12,THEFT (Sec.379 to 389 IPC/303(2) TO 308(7) BNS),subtype,Of Snatching,543,2025
IPC,13,12,THEFT (Sec.379 to 389 IPC/303(2) TO 308(7) BNS),subtype,At ATM,25,2025
IPC,13,12,THEFT (Sec.379 to 389 IPC/303(2) TO 308(7) BNS),subtype,Of Sand,1293,2025
IPC,13,12,THEFT (Sec.379 to 389 IPC/303(2) TO 308(7) BNS),subtype,Government Office,32,2025
IPC,13,12,THEFT (Sec.379 to 389 IPC/303(2) TO 308(7) BNS),subtype,Of Mines,101,2025
IPC,13,12,THEFT (Sec.379 to 389 IPC/303(2) TO 308(7) BNS),subtype,Communication And Elec. Wire,295,2025
IPC,13,12,THEFT (Sec.379 to 389 IPC/303(2) TO 308(7) BNS),subtype,Of Cattle,544,2025
IPC,13,12,THEFT (Sec.379 to 389 IPC/303(2) TO 308(7) BNS),subtype,Of Cycle,28,2025
IPC,13,12,THEFT (Sec.379 to 389 IPC/303(2) TO 308(7) BNS),subtype,Of Automobiles - Of Lorries/Trucks,116,2025
IPC,13,12,THEFT (Sec.379 to 389 IPC/303(2) TO 308(7) BNS),subtype,Of Automobiles - Of Buses,3,2025
IPC,13,12,THEFT (Sec.379 to 389 IPC/303(2) TO 308(7) BNS),subtype,Of Automobiles - Of Cars / Jeeps,250,2025
IPC,13,12,THEFT (Sec.379 to 389 IPC/303(2) TO 308(7) BNS),subtype,Of Automobiles - Of Two Wheelers,8860,2025
IPC,13,12,THEFT (Sec.379 to 389 IPC/303(2) TO 308(7) BNS),subtype,Of Automobies - of Three Wheelers,227,2025
IPC,13,12,THEFT (Sec.379 to 389 IPC/303(2) TO 308(7) BNS),subtype,Of Accessories of Motor Vehicle,226,2025
IPC,13,12,THEFT (Sec.379 to 389 IPC/303(2) TO 308(7) BNS),subtype,Govt. Vehicle,2,2025
IPC,13,12,THEFT (Sec.379 to 389 IPC/303(2) TO 308(7) BNS),subtype,"Electronic Goods (Radio, TV, VCR, Acs, Office Automation Equipments)",985,2025
IPC,13,12,THEFT (Sec.379 to 389 IPC/303(2) TO 308(7) BNS),subtype,Of Fire Arms,9,2025
IPC,13,12,THEFT (Sec.379 to 389 IPC/303(2) TO 308(7) BNS),subtype,Of Explosives,1,2025
IPC,13,12,THEFT (Sec.379 to 389 IPC/303(2) TO 308(7) BNS),subtype,Of Cultural - Idols,11,2025
IPC,13,12,THEFT (Sec.379 to 389 IPC/303(2) TO 308(7) BNS),subtype,Of Cultural - Painting,0,2025
IPC,13,12,THEFT (Sec.379 to 389 IPC/303(2) TO 308(7) BNS),subtype,Of Cultrual - Others,253,2025
IPC,13,12,THEFT (Sec.379 to 389 IPC/303(2) TO 308(7) BNS),subtype,Cash,510,2025
IPC,13,12,THEFT (Sec.379 to 389 IPC/303(2) TO 308(7) BNS),subtype,Jewellery,1478,2025
IPC,13,12,THEFT (Sec.379 to 389 IPC/303(2) TO 308(7) BNS),subtype,Other Items Not Included Above,1706,2025
IPC,13,12,THEFT (Sec.379 to 389 IPC/303(2) TO 308(7) BNS),subtype,In Running Train,44,2025
IPC,13,12,THEFT (Sec.379 to 389 IPC/303(2) TO 308(7) BNS),subtype,Extortion,283,2025
IPC,13,12,THEFT (Sec.379 to 389 IPC/303(2) TO 308(7) BNS),subtype,House Theft,1936,2025
IPC,13,12,THEFT (Sec.379 to 389 IPC/303(2) TO 308(7) BNS),subtype,Servant Theft,527,2025
IPC,13,12,THEFT (Sec.379 to 389 IPC/303(2) TO 308(7) BNS),subtotal,TOTAL,20531,2025
IPC,14,13,"RIOTS (Sec.141 to 153 IPC/189(1) TO 189(6),191(1)TO 191(3), 190,192,195 BNS))",subtype,Land Dispute,1045,2025
IPC,14,13,"RIOTS (Sec.141 to 153 IPC/189(1) TO 189(6),191(1)TO 191(3), 190,192,195 BNS))",subtype,Employee - Govt.,3,2025
IPC,14,13,"RIOTS (Sec.141 to 153 IPC/189(1) TO 189(6),191(1)TO 191(3), 190,192,195 BNS))",subtype,Labour - Private Sector,2,2025
IPC,14,13,"RIOTS (Sec.141 to 153 IPC/189(1) TO 189(6),191(1)TO 191(3), 190,192,195 BNS))",subtype,Labour - Public Sector,1,2025
IPC,14,13,"RIOTS (Sec.141 to 153 IPC/189(1) TO 189(6),191(1)TO 191(3), 190,192,195 BNS))",subtype,Linguistic,3,2025
IPC,14,13,"RIOTS (Sec.141 to 153 IPC/189(1) TO 189(6),191(1)TO 191(3), 190,192,195 BNS))",subtype,Political,5,2025
IPC,14,13,"RIOTS (Sec.141 to 153 IPC/189(1) TO 189(6),191(1)TO 191(3), 190,192,195 BNS))",subtype,Regional,4,2025
IPC,14,13,"RIOTS (Sec.141 to 153 IPC/189(1) TO 189(6),191(1)TO 191(3), 190,192,195 BNS))",subtype,Sectarian,0,2025
IPC,14,13,"RIOTS (Sec.141 to 153 IPC/189(1) TO 189(6),191(1)TO 191(3), 190,192,195 BNS))",subtype,Students,2,2025
IPC,14,13,"RIOTS (Sec.141 to 153 IPC/189(1) TO 189(6),191(1)TO 191(3), 190,192,195 BNS))",subtype,Tribal,0,2025
IPC,14,13,"RIOTS (Sec.141 to 153 IPC/189(1) TO 189(6),191(1)TO 191(3), 190,192,195 BNS))",subtype,Due to Village Disputes,12,2025
IPC,14,13,"RIOTS (Sec.141 to 153 IPC/189(1) TO 189(6),191(1)TO 191(3), 190,192,195 BNS))",subtype,Communal,4,2025
IPC,14,13,"RIOTS (Sec.141 to 153 IPC/189(1) TO 189(6),191(1)TO 191(3), 190,192,195 BNS))",subtype,Industrial,5,2025
IPC,14,13,"RIOTS (Sec.141 to 153 IPC/189(1) TO 189(6),191(1)TO 191(3), 190,192,195 BNS))",subtype,Caste,5,2025
IPC,14,13,"RIOTS (Sec.141 to 153 IPC/189(1) TO 189(6),191(1)TO 191(3), 190,192,195 BNS))",subtype,Agrarian,2,2025
IPC,14,13,"RIOTS (Sec.141 to 153 IPC/189(1) TO 189(6),191(1)TO 191(3), 190,192,195 BNS))",subtype,Others,2298,2025
IPC,14,13,"RIOTS (Sec.141 to 153 IPC/189(1) TO 189(6),191(1)TO 191(3), 190,192,195 BNS))",subtotal,TOTAL,3391,2025
IPC,15,14,"OFFENCES AGAINST STATE (Sec. 121 to 130, except 124(A) IPC/147 TO 158 BNS)",single,,0,2025
IPC,16,15,"OFFENCES PROMOTING ENEMITY (Sec. 153(A), 154(B) & 505 IPC/196, 197 & 353 BNS",single,,192,2025
IPC,17,16,CRIMINAL BREACH OF TRUST (Sec. 406 to 409 IPC/316(2) to 316(5) BNS),single,,762,2025
IPC,18,17,"CHEATING (Sec.417 to 420 IPC/318(2)to 318(4), 319(2) BNS)",single,,5839,2025
IPC,19,18,"COUNTERFEITING (Sec. 231 to 263 (A), 489(A) to 489 (E) IPC/178 TO 185 BNS)",subtype,"Stock Share, Debentrue Certificate",0,2025
IPC,19,18,"COUNTERFEITING (Sec. 231 to 263 (A), 489(A) to 489 (E) IPC/178 TO 185 BNS)",subtype,Usage of Counterfeit Stamp,0,2025
IPC,19,18,"COUNTERFEITING (Sec. 231 to 263 (A), 489(A) to 489 (E) IPC/178 TO 185 BNS)",subtype,Of Coins (Sec 231 to 254 IPC),0,2025
IPC,19,18,"COUNTERFEITING (Sec. 231 to 263 (A), 489(A) to 489 (E) IPC/178 TO 185 BNS)",subtype,Of Stamps (Sec.255 to 263(A) IPC),0,2025
IPC,19,18,"COUNTERFEITING (Sec. 231 to 263 (A), 489(A) to 489 (E) IPC/178 TO 185 BNS)",subtype,Of Currency Notes And Bank Notes (Sec. 489 (A) to 489 (E) IPC),30,2025
IPC,19,18,"COUNTERFEITING (Sec. 231 to 263 (A), 489(A) to 489 (E) IPC/178 TO 185 BNS)",subtype,Of Others,1,2025
IPC,19,18,"COUNTERFEITING (Sec. 231 to 263 (A), 489(A) to 489 (E) IPC/178 TO 185 BNS)",subtotal,TOTAL,31,2025
IPC,20,19,"FORGERY (Sec. 465, 468, 471, 473, 476, 477 & 477(A) IPC/336(2),336(3),340(2),341(2),342(2),343, 344 BNS)",subtype,Forgery,466,2025
IPC,20,19,"FORGERY (Sec. 465, 468, 471, 473, 476, 477 & 477(A) IPC/336(2),336(3),340(2),341(2),342(2),343, 344 BNS)",subtype,Organised (Racket),0,2025
IPC,20,19,"FORGERY (Sec. 465, 468, 471, 473, 476, 477 & 477(A) IPC/336(2),336(3),340(2),341(2),342(2),343, 344 BNS)",subtype,Forgery of Passport,1,2025
IPC,20,19,"FORGERY (Sec. 465, 468, 471, 473, 476, 477 & 477(A) IPC/336(2),336(3),340(2),341(2),342(2),343, 344 BNS)",subtype,Other Forgery,149,2025
IPC,20,19,"FORGERY (Sec. 465, 468, 471, 473, 476, 477 & 477(A) IPC/336(2),336(3),340(2),341(2),342(2),343, 344 BNS)",subtotal,TOTAL,616,2025
IPC,21,20,"CASES OF HURT (Sec. 323 to 335 IPC except 328, 332, 333/115(2) TO 122(2) EXCEPT 121(1),121(2) BNS)",subtype,Acid Attack (326(a)),2,2025
IPC,21,20,"CASES OF HURT (Sec. 323 to 335 IPC except 328, 332, 333/115(2) TO 122(2) EXCEPT 121(1),121(2) BNS)",subtype,Attempt to Acid Attack (326(b)),6,2025
IPC,21,20,"CASES OF HURT (Sec. 323 to 335 IPC except 328, 332, 333/115(2) TO 122(2) EXCEPT 121(1),121(2) BNS)",subtype,Grievous Hurt,1190,2025
IPC,21,20,"CASES OF HURT (Sec. 323 to 335 IPC except 328, 332, 333/115(2) TO 122(2) EXCEPT 121(1),121(2) BNS)",subtype,Simple Hurt,15513,2025
IPC,21,20,"CASES OF HURT (Sec. 323 to 335 IPC except 328, 332, 333/115(2) TO 122(2) EXCEPT 121(1),121(2) BNS)",subtype,Custodial,2,2025
IPC,21,20,"CASES OF HURT (Sec. 323 to 335 IPC except 328, 332, 333/115(2) TO 122(2) EXCEPT 121(1),121(2) BNS)",subtotal,TOTAL,16713,2025
IPC,22,21,"ADULTERATION (Sec. 272, 273 to 276 IPC/274,275 TO 278 BNS)",subtype,Attempt to Commit,0,2025
IPC,22,21,"ADULTERATION (Sec. 272, 273 to 276 IPC/274,275 TO 278 BNS)",subtype,Alcoholic Drink (Liquor),5,2025
IPC,22,21,"ADULTERATION (Sec. 272, 273 to 276 IPC/274,275 TO 278 BNS)",subtype,Cement & Chemical/Fertiliser,0,2025
IPC,22,21,"ADULTERATION (Sec. 272, 273 to 276 IPC/274,275 TO 278 BNS)",subtype,Cosmetics,0,2025
IPC,22,21,"ADULTERATION (Sec. 272, 273 to 276 IPC/274,275 TO 278 BNS)",subtype,Diesel,0,2025
IPC,22,21,"ADULTERATION (Sec. 272, 273 to 276 IPC/274,275 TO 278 BNS)",subtype,Drug/Medicine,6,2025
IPC,22,21,"ADULTERATION (Sec. 272, 273 to 276 IPC/274,275 TO 278 BNS)",subtype,Edible Oil,0,2025
IPC,22,21,"ADULTERATION (Sec. 272, 273 to 276 IPC/274,275 TO 278 BNS)",subtype,Food Grain,2,2025
IPC,22,21,"ADULTERATION (Sec. 272, 273 to 276 IPC/274,275 TO 278 BNS)",subtype,Kerosene,0,2025
IPC,22,21,"ADULTERATION (Sec. 272, 273 to 276 IPC/274,275 TO 278 BNS)",subtype,Life Saving Drug,0,2025
IPC,22,21,"ADULTERATION (Sec. 272, 273 to 276 IPC/274,275 TO 278 BNS)",subtype,Mobile Oil,0,2025
IPC,22,21,"ADULTERATION (Sec. 272, 273 to 276 IPC/274,275 TO 278 BNS)",subtype,Petrol,0,2025
IPC,22,21,"ADULTERATION (Sec. 272, 273 to 276 IPC/274,275 TO 278 BNS)",subtype,Petroleum Product,0,2025
IPC,22,21,"ADULTERATION (Sec. 272, 273 to 276 IPC/274,275 TO 278 BNS)",subtype,Soft Drinks,0,2025
IPC,22,21,"ADULTERATION (Sec. 272, 273 to 276 IPC/274,275 TO 278 BNS)",subtype,Spices,0,2025
IPC,22,21,"ADULTERATION (Sec. 272, 273 to 276 IPC/274,275 TO 278 BNS)",subtype,Others,7,2025
IPC,22,21,"ADULTERATION (Sec. 272, 273 to 276 IPC/274,275 TO 278 BNS)",subtotal,TOTAL,20,2025
IPC,23,22,AFFRAY (Sec. 160 IPC/194(2) BNS),single,,686,2025
IPC,24,23,"ARSON (Sec. 435, 436, 438 IPC/326(f),326(g),327(g) BNS)",subtype,Agricultural Produce,43,2025
IPC,24,23,"ARSON (Sec. 435, 436, 438 IPC/326(f),326(g),327(g) BNS)",subtype,Attemp to Commit,0,2025
IPC,24,23,"ARSON (Sec. 435, 436, 438 IPC/326(f),326(g),327(g) BNS)",subtype,Boat / Ship,0,2025
IPC,24,23,"ARSON (Sec. 435, 436, 438 IPC/326(f),326(g),327(g) BNS)",subtype,Dwelling House,18,2025
IPC,24,23,"ARSON (Sec. 435, 436, 438 IPC/326(f),326(g),327(g) BNS)",subtype,Educational Institution,1,2025
IPC,24,23,"ARSON (Sec. 435, 436, 438 IPC/326(f),326(g),327(g) BNS)",subtype,Govt. Property,4,2025
IPC,24,23,"ARSON (Sec. 435, 436, 438 IPC/326(f),326(g),327(g) BNS)",subtype,Industrial Establishment,0,2025
IPC,24,23,"ARSON (Sec. 435, 436, 438 IPC/326(f),326(g),327(g) BNS)",subtype,Place of worship,1,2025
IPC,24,23,"ARSON (Sec. 435, 436, 438 IPC/326(f),326(g),327(g) BNS)",subtype,Public Place,11,2025
IPC,24,23,"ARSON (Sec. 435, 436, 438 IPC/326(f),326(g),327(g) BNS)",subtype,Railway Property,0,2025
IPC,24,23,"ARSON (Sec. 435, 436, 438 IPC/326(f),326(g),327(g) BNS)",subtype,Vital Installation,0,2025
IPC,24,23,"ARSON (Sec. 435, 436, 438 IPC/326(f),326(g),327(g) BNS)",subtype,Warehouse (Godown),2,2025
IPC,24,23,"ARSON (Sec. 435, 436, 438 IPC/326(f),326(g),327(g) BNS)",subtype,Others,114,2025
IPC,24,23,"ARSON (Sec. 435, 436, 438 IPC/326(f),326(g),327(g) BNS)",subtotal,TOTAL,194,2025
IPC,25,24,"ASSAULT (Sec 356, 357 IPC/134,135 BNS)",subtype,Attempt To Commit,6,2025
IPC,25,24,"ASSAULT (Sec 356, 357 IPC/134,135 BNS)",subtype,On Contractor,1,2025
IPC,25,24,"ASSAULT (Sec 356, 357 IPC/134,135 BNS)",subtype,On Domestic Servant,0,2025
IPC,25,24,"ASSAULT (Sec 356, 357 IPC/134,135 BNS)",subtype,On Labourer,2,2025
IPC,25,24,"ASSAULT (Sec 356, 357 IPC/134,135 BNS)",subtype,On Man (General),14,2025
IPC,25,24,"ASSAULT (Sec 356, 357 IPC/134,135 BNS)",subtype,On Man (SC),0,2025
IPC,25,24,"ASSAULT (Sec 356, 357 IPC/134,135 BNS)",subtype,On Man (ST),0,2025
IPC,25,24,"ASSAULT (Sec 356, 357 IPC/134,135 BNS)",subtype,On Manager/Executive (Other Than Public Servant),0,2025
IPC,25,24,"ASSAULT (Sec 356, 357 IPC/134,135 BNS)",subtype,"On Member of Clergy (Christian, Budhist, Jain, Sikh)",1,2025
IPC,25,24,"ASSAULT (Sec 356, 357 IPC/134,135 BNS)",subtype,Member of Legislative Assembly / Council (MLA/MLC),0,2025
IPC,25,24,"ASSAULT (Sec 356, 357 IPC/134,135 BNS)",subtype,On Member of Parliament (MP),0,2025
IPC,25,24,"ASSAULT (Sec 356, 357 IPC/134,135 BNS)",subtype,On other Dignitaries /Public Figures,2,2025
IPC,25,24,"ASSAULT (Sec 356, 357 IPC/134,135 BNS)",subtype,On Press,0,2025
IPC,25,24,"ASSAULT (Sec 356, 357 IPC/134,135 BNS)",subtype,On Professional,0,2025
IPC,25,24,"ASSAULT (Sec 356, 357 IPC/134,135 BNS)",subtype,On Public Servant,0,2025
IPC,25,24,"ASSAULT (Sec 356, 357 IPC/134,135 BNS)",subtype,On Student,0,2025
IPC,25,24,"ASSAULT (Sec 356, 357 IPC/134,135 BNS)",subtype,On Teacher,0,2025
IPC,25,24,"ASSAULT (Sec 356, 357 IPC/134,135 BNS)",subtype,On Women (General),3,2025
IPC,25,24,"ASSAULT (Sec 356, 357 IPC/134,135 BNS)",subtype,On Woman (SC),0,2025
IPC,25,24,"ASSAULT (Sec 356, 357 IPC/134,135 BNS)",subtype,On Woman (ST),0,2025
IPC,25,24,"ASSAULT (Sec 356, 357 IPC/134,135 BNS)",subtotal,TOTAL,29,2025
IPC,26,25,COMMUNAL / RELIGION (Sec. 295 to 297 IPC/298 TO 301 BNS),subtype,Attempt to Commit,4,2025
IPC,26,25,COMMUNAL / RELIGION (Sec. 295 to 297 IPC/298 TO 301 BNS),subtype,Caste Issue,5,2025
IPC,26,25,COMMUNAL / RELIGION (Sec. 295 to 297 IPC/298 TO 301 BNS),subtype,Communal Issue,65,2025
IPC,26,25,COMMUNAL / RELIGION (Sec. 295 to 297 IPC/298 TO 301 BNS),subtype,Linguistic Issue,0,2025
IPC,26,25,COMMUNAL / RELIGION (Sec. 295 to 297 IPC/298 TO 301 BNS),subtype,Political Issue,1,2025
IPC,26,25,COMMUNAL / RELIGION (Sec. 295 to 297 IPC/298 TO 301 BNS),subtype,Racial/Ethnic Issue,0,2025
IPC,26,25,COMMUNAL / RELIGION (Sec. 295 to 297 IPC/298 TO 301 BNS),subtype,Regional Issue,17,2025
IPC,26,25,COMMUNAL / RELIGION (Sec. 295 to 297 IPC/298 TO 301 BNS),subtype,Religious Issue,91,2025
IPC,26,25,COMMUNAL / RELIGION (Sec. 295 to 297 IPC/298 TO 301 BNS),subtype,Sectarian Issue,0,2025
IPC,26,25,COMMUNAL / RELIGION (Sec. 295 to 297 IPC/298 TO 301 BNS),subtype,Others,77,2025
IPC,26,25,COMMUNAL / RELIGION (Sec. 295 to 297 IPC/298 TO 301 BNS),subtotal,TOTAL,260,2025
IPC,27,26,"CRIMINAL CONSPIRACY (Sec. 120(B), 121(A) IPC/61(2),148 BNS)",subtype,Conspiracy To Wage War,0,2025
IPC,27,26,"CRIMINAL CONSPIRACY (Sec. 120(B), 121(A) IPC/61(2),148 BNS)",subtype,Related to Substantive Offence,1,2025
IPC,27,26,"CRIMINAL CONSPIRACY (Sec. 120(B), 121(A) IPC/61(2),148 BNS)",subtype,Others,11,2025
IPC,27,26,"CRIMINAL CONSPIRACY (Sec. 120(B), 121(A) IPC/61(2),148 BNS)",subtotal,TOTAL,12,2025
IPC,28,27,CRIMINAL INTIMIDATION (Sec. 504 to 508 IPC/352 TO 354 BNS),single,,3299,2025
IPC,29,28,"CRIMINAL MISAPPROPRIATION (Sec. 403, 404 IPC/314,315 BNS)",subtype,Attempt to Commit,0,2025
IPC,29,28,"CRIMINAL MISAPPROPRIATION (Sec. 403, 404 IPC/314,315 BNS)",subtype,Bank,1,2025
IPC,29,28,"CRIMINAL MISAPPROPRIATION (Sec. 403, 404 IPC/314,315 BNS)",subtype,Business Establishment,1,2025
IPC,29,28,"CRIMINAL MISAPPROPRIATION (Sec. 403, 404 IPC/314,315 BNS)",subtype,Charitable Organisation,0,2025
IPC,29,28,"CRIMINAL MISAPPROPRIATION (Sec. 403, 404 IPC/314,315 BNS)",subtype,Chitfund Organisation,0,2025
IPC,29,28,"CRIMINAL MISAPPROPRIATION (Sec. 403, 404 IPC/314,315 BNS)",subtype,Co-operative Organisation,3,2025
IPC,29,28,"CRIMINAL MISAPPROPRIATION (Sec. 403, 404 IPC/314,315 BNS)",subtype,Commercial Establishment/Shop,0,2025
IPC,29,28,"CRIMINAL MISAPPROPRIATION (Sec. 403, 404 IPC/314,315 BNS)",subtype,Customs Department,0,2025
IPC,29,28,"CRIMINAL MISAPPROPRIATION (Sec. 403, 404 IPC/314,315 BNS)",subtype,Excise Department,0,2025
IPC,29,28,"CRIMINAL MISAPPROPRIATION (Sec. 403, 404 IPC/314,315 BNS)",subtype,Financial Institution,1,2025
IPC,29,28,"CRIMINAL MISAPPROPRIATION (Sec. 403, 404 IPC/314,315 BNS)",subtype,Income Tax Department,0,2025
IPC,29,28,"CRIMINAL MISAPPROPRIATION (Sec. 403, 404 IPC/314,315 BNS)",subtype,Other Government Organisation,1,2025
IPC,29,28,"CRIMINAL MISAPPROPRIATION (Sec. 403, 404 IPC/314,315 BNS)",subtype,Postal Department,0,2025
IPC,29,28,"CRIMINAL MISAPPROPRIATION (Sec. 403, 404 IPC/314,315 BNS)",subtype,Public Sector Undertakings,0,2025
IPC,29,28,"CRIMINAL MISAPPROPRIATION (Sec. 403, 404 IPC/314,315 BNS)",subtype,Railway Department,0,2025
IPC,29,28,"CRIMINAL MISAPPROPRIATION (Sec. 403, 404 IPC/314,315 BNS)",subtype,Revenue Department,0,2025
IPC,29,28,"CRIMINAL MISAPPROPRIATION (Sec. 403, 404 IPC/314,315 BNS)",subtype,Sales Tax Department,0,2025
IPC,29,28,"CRIMINAL MISAPPROPRIATION (Sec. 403, 404 IPC/314,315 BNS)",subtype,Social Organisation (Aided) (N),0,2025
IPC,29,28,"CRIMINAL MISAPPROPRIATION (Sec. 403, 404 IPC/314,315 BNS)",subtype,Transport Authority,0,2025
IPC,29,28,"CRIMINAL MISAPPROPRIATION (Sec. 403, 404 IPC/314,315 BNS)",subtype,Trust - Other than religious,1,2025
IPC,29,28,"CRIMINAL MISAPPROPRIATION (Sec. 403, 404 IPC/314,315 BNS)",subtype,Trust - Religious,0,2025
IPC,29,28,"CRIMINAL MISAPPROPRIATION (Sec. 403, 404 IPC/314,315 BNS)",subtype,Others,13,2025
IPC,29,28,"CRIMINAL MISAPPROPRIATION (Sec. 403, 404 IPC/314,315 BNS)",subtotal,TOTAL,21,2025
IPC,30,29,CRIMINAL TRESPASS (Sec.447 to 452 IPC/329(3) TO 333 BNS),subtype,Attempt to Commit,10,2025
IPC,30,29,CRIMINAL TRESPASS (Sec.447 to 452 IPC/329(3) TO 333 BNS),subtype,Club,4,2025
IPC,30,29,CRIMINAL TRESPASS (Sec.447 to 452 IPC/329(3) TO 333 BNS),subtype,Hostel,5,2025
IPC,30,29,CRIMINAL TRESPASS (Sec.447 to 452 IPC/329(3) TO 333 BNS),subtype,Hotel,13,2025
IPC,30,29,CRIMINAL TRESPASS (Sec.447 to 452 IPC/329(3) TO 333 BNS),subtype,House,715,2025
IPC,30,29,CRIMINAL TRESPASS (Sec.447 to 452 IPC/329(3) TO 333 BNS),subtype,Land,1736,2025
IPC,30,29,CRIMINAL TRESPASS (Sec.447 to 452 IPC/329(3) TO 333 BNS),subtype,Office,61,2025
IPC,30,29,CRIMINAL TRESPASS (Sec.447 to 452 IPC/329(3) TO 333 BNS),subtype,Prohibited Places,13,2025
IPC,30,29,CRIMINAL TRESPASS (Sec.447 to 452 IPC/329(3) TO 333 BNS),subtype,Religious Place,10,2025
IPC,30,29,CRIMINAL TRESPASS (Sec.447 to 452 IPC/329(3) TO 333 BNS),subtype,Restricted Area,11,2025
IPC,30,29,CRIMINAL TRESPASS (Sec.447 to 452 IPC/329(3) TO 333 BNS),subtype,Others,216,2025
IPC,30,29,CRIMINAL TRESPASS (Sec.447 to 452 IPC/329(3) TO 333 BNS),subtotal,TOTAL,2794,2025
IPC,31,30,CRUELTY BY HUSBAND (Sec. 498(A) IPC/85 BNS),subtype,Husband,1059,2025
IPC,31,30,CRUELTY BY HUSBAND (Sec. 498(A) IPC/85 BNS),subtype,Husband And Relative(S) in Law,1328,2025
IPC,31,30,CRUELTY BY HUSBAND (Sec. 498(A) IPC/85 BNS),subtype,Relative(S) in Law,36,2025
IPC,31,30,CRUELTY BY HUSBAND (Sec. 498(A) IPC/85 BNS),subtype,Dowry Harassment,407,2025
IPC,31,30,CRUELTY BY HUSBAND (Sec. 498(A) IPC/85 BNS),subtotal,TOTAL,2830,2025
IPC,32,31,DOWRY DEATHS (Sec.304(B) IPC/80 BNS),subtype,By Husband,2,2025
IPC,32,31,DOWRY DEATHS (Sec.304(B) IPC/80 BNS),subtype,By Husband And Relatives In Law,40,2025
IPC,32,31,DOWRY DEATHS (Sec.304(B) IPC/80 BNS),subtype,By Relatives in Law,1,2025
IPC,32,31,DOWRY DEATHS (Sec.304(B) IPC/80 BNS),subtype,By Burning,1,2025
IPC,32,31,DOWRY DEATHS (Sec.304(B) IPC/80 BNS),subtype,By Hanging,62,2025
IPC,32,31,DOWRY DEATHS (Sec.304(B) IPC/80 BNS),subtype,By Other Means,10,2025
IPC,32,31,DOWRY DEATHS (Sec.304(B) IPC/80 BNS),subtotal,TOTAL,116,2025
IPC,33,32,DEATHS DUE TO RASHNESS/NEGLIGENCE (Sec.304(A) IPC/106 BNS),subtype,Electrocution,26,2025
IPC,33,32,DEATHS DUE TO RASHNESS/NEGLIGENCE (Sec.304(A) IPC/106 BNS),subtype,Adulterated Food/Drug,0,2025
IPC,33,32,DEATHS DUE TO RASHNESS/NEGLIGENCE (Sec.304(A) IPC/106 BNS),subtype,Accident by Air,0,2025
IPC,33,32,DEATHS DUE TO RASHNESS/NEGLIGENCE (Sec.304(A) IPC/106 BNS),subtype,Boad Accident,1,2025
IPC,33,32,DEATHS DUE TO RASHNESS/NEGLIGENCE (Sec.304(A) IPC/106 BNS),subtype,Bridge/Dam Collapse,1,2025
IPC,33,32,DEATHS DUE TO RASHNESS/NEGLIGENCE (Sec.304(A) IPC/106 BNS),subtype,Building Collapse,5,2025
IPC,33,32,DEATHS DUE TO RASHNESS/NEGLIGENCE (Sec.304(A) IPC/106 BNS),subtype,Caused By Animal,0,2025
IPC,33,32,DEATHS DUE TO RASHNESS/NEGLIGENCE (Sec.304(A) IPC/106 BNS),subtype,Death Due to Other Cause,68,2025
IPC,33,32,DEATHS DUE TO RASHNESS/NEGLIGENCE (Sec.304(A) IPC/106 BNS),subtype,Electrocution Accident,42,2025
IPC,33,32,DEATHS DUE TO RASHNESS/NEGLIGENCE (Sec.304(A) IPC/106 BNS),subtype,Explosion Accident,1,2025
IPC,33,32,DEATHS DUE TO RASHNESS/NEGLIGENCE (Sec.304(A) IPC/106 BNS),subtype,Fire accident,2,2025
IPC,33,32,DEATHS DUE TO RASHNESS/NEGLIGENCE (Sec.304(A) IPC/106 BNS),subtype,Gas Leakage Accident,4,2025
IPC,33,32,DEATHS DUE TO RASHNESS/NEGLIGENCE (Sec.304(A) IPC/106 BNS),subtype,Improper Infrastucture In Construction,90,2025
IPC,33,32,DEATHS DUE TO RASHNESS/NEGLIGENCE (Sec.304(A) IPC/106 BNS),subtype,Improper Medical Treatment,5,2025
IPC,33,32,DEATHS DUE TO RASHNESS/NEGLIGENCE (Sec.304(A) IPC/106 BNS),subtype,In Custody of Public Servant,0,2025
IPC,33,32,DEATHS DUE TO RASHNESS/NEGLIGENCE (Sec.304(A) IPC/106 BNS),subtype,In Jail/Judicial Custody,0,2025
IPC,33,32,DEATHS DUE TO RASHNESS/NEGLIGENCE (Sec.304(A) IPC/106 BNS),subtype,In Police Custody,0,2025
IPC,33,32,DEATHS DUE TO RASHNESS/NEGLIGENCE (Sec.304(A) IPC/106 BNS),subtype,Industrial Accident (Factory),8,2025
IPC,33,32,DEATHS DUE TO RASHNESS/NEGLIGENCE (Sec.304(A) IPC/106 BNS),subtype,Inflammable Substance,0,2025
IPC,33,32,DEATHS DUE TO RASHNESS/NEGLIGENCE (Sec.304(A) IPC/106 BNS),subtype,Mine Accident,2,2025
IPC,33,32,DEATHS DUE TO RASHNESS/NEGLIGENCE (Sec.304(A) IPC/106 BNS),subtype,Poisonous Substance,0,2025
IPC,33,32,DEATHS DUE TO RASHNESS/NEGLIGENCE (Sec.304(A) IPC/106 BNS),subtype,Quarry Accident,2,2025
IPC,33,32,DEATHS DUE TO RASHNESS/NEGLIGENCE (Sec.304(A) IPC/106 BNS),subtype,Spurious Liquor (Hooch) Accident,0,2025
IPC,33,32,DEATHS DUE TO RASHNESS/NEGLIGENCE (Sec.304(A) IPC/106 BNS),subtype,Railway Accident,0,2025
IPC,33,32,DEATHS DUE TO RASHNESS/NEGLIGENCE (Sec.304(A) IPC/106 BNS),subtype,Others,72,2025
IPC,33,32,DEATHS DUE TO RASHNESS/NEGLIGENCE (Sec.304(A) IPC/106 BNS),subtotal,TOTAL,329,2025
IPC,34,33,MOTOR VEHICLE ACCIDENTS FATAL (Sec.304(A) IPC/106 BNS),subtype,National Highways,4015,2025
IPC,34,33,MOTOR VEHICLE ACCIDENTS FATAL (Sec.304(A) IPC/106 BNS),subtype,State Highways,3135,2025
IPC,34,33,MOTOR VEHICLE ACCIDENTS FATAL (Sec.304(A) IPC/106 BNS),subtype,Other Roads,4097,2025
IPC,34,33,MOTOR VEHICLE ACCIDENTS FATAL (Sec.304(A) IPC/106 BNS),subtype,Other Places,161,2025
IPC,34,33,MOTOR VEHICLE ACCIDENTS FATAL (Sec.304(A) IPC/106 BNS),subtotal,TOTAL,11408,2025
IPC,35,34,"MOTOR VEHICLE ACCIDENTS NON-FATAL Sec.279, 337, 338 IPC/281,125(a),125(b) BNS)",subtype,National Highways,10233,2025
IPC,35,34,"MOTOR VEHICLE ACCIDENTS NON-FATAL Sec.279, 337, 338 IPC/281,125(a),125(b) BNS)",subtype,State Highways,7158,2025
IPC,35,34,"MOTOR VEHICLE ACCIDENTS NON-FATAL Sec.279, 337, 338 IPC/281,125(a),125(b) BNS)",subtype,Other Roads,13939,2025
IPC,35,34,"MOTOR VEHICLE ACCIDENTS NON-FATAL Sec.279, 337, 338 IPC/281,125(a),125(b) BNS)",subtype,Other Places,421,2025
IPC,35,34,"MOTOR VEHICLE ACCIDENTS NON-FATAL Sec.279, 337, 338 IPC/281,125(a),125(b) BNS)",subtotal,TOTAL,31751,2025
IPC,36,35,"DEATHS-MISCARRIAGE (Sec.312, 313, 314 IPC/88,89,90 BNS)",subtype,Child,14,2025
IPC,36,35,"DEATHS-MISCARRIAGE (Sec.312, 313, 314 IPC/88,89,90 BNS)",subtype,Woman,1,2025
IPC,36,35,"DEATHS-MISCARRIAGE (Sec.312, 313, 314 IPC/88,89,90 BNS)",subtype,Women and Child,0,2025
IPC,36,35,"DEATHS-MISCARRIAGE (Sec.312, 313, 314 IPC/88,89,90 BNS)",subtotal,TOTAL,15,2025
IPC,37,36,"DEFENCE FORCES OFFENCES RELATING (also relating to desertion) (Sec.131 to 140, except 136 IPC/159 TO 168 EXCEPT 164 BNS)",subtype,Air Force,0,2025
IPC,37,36,"DEFENCE FORCES OFFENCES RELATING (also relating to desertion) (Sec.131 to 140, except 136 IPC/159 TO 168 EXCEPT 164 BNS)",subtype,Army,0,2025
IPC,37,36,"DEFENCE FORCES OFFENCES RELATING (also relating to desertion) (Sec.131 to 140, except 136 IPC/159 TO 168 EXCEPT 164 BNS)",subtype,Navy,0,2025
IPC,37,36,"DEFENCE FORCES OFFENCES RELATING (also relating to desertion) (Sec.131 to 140, except 136 IPC/159 TO 168 EXCEPT 164 BNS)",subtotal,TOTAL,0,2025
IPC,38,37,"ESCAPE FROM LAWFUL CUSTODY AND RESISTANCE (Sec.224, 225, 225(B) IPC/262,263,265 BNS)",subtype,From Jail Custody,10,2025
IPC,38,37,"ESCAPE FROM LAWFUL CUSTODY AND RESISTANCE (Sec.224, 225, 225(B) IPC/262,263,265 BNS)",subtype,From Police Custody,18,2025
IPC,38,37,"ESCAPE FROM LAWFUL CUSTODY AND RESISTANCE (Sec.224, 225, 225(B) IPC/262,263,265 BNS)",subtype,Others,12,2025
IPC,38,37,"ESCAPE FROM LAWFUL CUSTODY AND RESISTANCE (Sec.224, 225, 225(B) IPC/262,263,265 BNS)",subtotal,TOTAL,40,2025
IPC,39,38,"IMPERSONATION (Sec.170, 171 IPC/204,205 BNS)",subtype,Attempt to Commit,12,2025
IPC,39,38,"IMPERSONATION (Sec.170, 171 IPC/204,205 BNS)",subtype,Non-Uniformed Authority,4,2025
IPC,39,38,"IMPERSONATION (Sec.170, 171 IPC/204,205 BNS)",subtype,Uniformed Authority,2,2025
IPC,39,38,"IMPERSONATION (Sec.170, 171 IPC/204,205 BNS)",subtotal,TOTAL,18,2025
IPC,40,49,"MISCHIEF (Sec.427 to 440 except 434, 435, 436, 438 IPC/324(4) TO 324(6) BNS)",single,,454,2025
IPC,41,40,MOLESTATION (Sec.354 IPC/74 BNS),subtype,Attempt to Commit,65,2025
IPC,41,40,MOLESTATION (Sec.354 IPC/74 BNS),subtype,Private Place,972,2025
IPC,41,40,MOLESTATION (Sec.354 IPC/74 BNS),subtype,Public Conveyance,12,2025
IPC,41,40,MOLESTATION (Sec.354 IPC/74 BNS),subtype,Public Place,2189,2025
IPC,41,40,MOLESTATION (Sec.354 IPC/74 BNS),subtype,Other Places,2602,2025
IPC,41,40,MOLESTATION (Sec.354 IPC/74 BNS),subtotal,TOTAL,5840,2025
IPC,42,41,POISONING-PROFESSIONAL (Sec. 328 IPC/123 BNS),subtype,Attempt to Commit,12,2025
IPC,42,41,POISONING-PROFESSIONAL (Sec. 328 IPC/123 BNS),subtype,Fatal,0,2025
IPC,42,41,POISONING-PROFESSIONAL (Sec. 328 IPC/123 BNS),subtype,Non Fatal,2,2025
IPC,42,41,POISONING-PROFESSIONAL (Sec. 328 IPC/123 BNS),subtotal,TOTAL,14,2025
IPC,43,42,PORNOGRAPHY (Sec.292 to 294 IPC/294 TO 296 BNS),subtype,Advertisement,1,2025
IPC,43,42,PORNOGRAPHY (Sec.292 to 294 IPC/294 TO 296 BNS),subtype,Audio Tape,1,2025
IPC,43,42,PORNOGRAPHY (Sec.292 to 294 IPC/294 TO 296 BNS),subtype,Book,0,2025
IPC,43,42,PORNOGRAPHY (Sec.292 to 294 IPC/294 TO 296 BNS),subtype,Computer Software,0,2025
IPC,43,42,PORNOGRAPHY (Sec.292 to 294 IPC/294 TO 296 BNS),subtype,Figures,0,2025
IPC,43,42,PORNOGRAPHY (Sec.292 to 294 IPC/294 TO 296 BNS),subtype,Film (Blue),0,2025
IPC,43,42,PORNOGRAPHY (Sec.292 to 294 IPC/294 TO 296 BNS),subtype,Painting,0,2025
IPC,43,42,PORNOGRAPHY (Sec.292 to 294 IPC/294 TO 296 BNS),subtype,Pamphlet,0,2025
IPC,43,42,PORNOGRAPHY (Sec.292 to 294 IPC/294 TO 296 BNS),subtype,Paper,1,2025
IPC,43,42,PORNOGRAPHY (Sec.292 to 294 IPC/294 TO 296 BNS),subtype,Photography,0,2025
IPC,43,42,PORNOGRAPHY (Sec.292 to 294 IPC/294 TO 296 BNS),subtype,Poster,8,2025
IPC,43,42,PORNOGRAPHY (Sec.292 to 294 IPC/294 TO 296 BNS),subtype,Video Film(Blue),2,2025
IPC,43,42,PORNOGRAPHY (Sec.292 to 294 IPC/294 TO 296 BNS),subtype,Others,24,2025
IPC,43,42,PORNOGRAPHY (Sec.292 to 294 IPC/294 TO 296 BNS),subtotal,TOTAL,37,2025
IPC,44,43,PUBLIC JUSTICE (Sec.213 to 215 IPC/250 TO 252 BNS),single,,7,2025
IPC,45,44,"PUBLIC NUISANCE (Sec.291 and 510 IPC/293,355 BNS)",single,,408,2025
IPC,46,45,"PUBLIC SAFETY (Sec.269 to 271, 277, 283, 289 IPC/271 to 273, 279,285,291 BNS)",single,,5240,2025
IPC,47,46,"OFFENCES AGAINST PUBLIC SERVANTS (Public servant is a victim) (Sec 182-188, 332, 333, 353 IPC/217-223,121(1),121(2), 132 BNS)",subtype,Attempt to Commit,19,2025
IPC,47,46,"OFFENCES AGAINST PUBLIC SERVANTS (Public servant is a victim) (Sec 182-188, 332, 333, 353 IPC/217-223,121(1),121(2), 132 BNS)",subtype,Defence Personnel,2,2025
IPC,47,46,"OFFENCES AGAINST PUBLIC SERVANTS (Public servant is a victim) (Sec 182-188, 332, 333, 353 IPC/217-223,121(1),121(2), 132 BNS)",subtype,Jail Personnel,14,2025
IPC,47,46,"OFFENCES AGAINST PUBLIC SERVANTS (Public servant is a victim) (Sec 182-188, 332, 333, 353 IPC/217-223,121(1),121(2), 132 BNS)",subtype,Judicial Official,22,2025
IPC,47,46,"OFFENCES AGAINST PUBLIC SERVANTS (Public servant is a victim) (Sec 182-188, 332, 333, 353 IPC/217-223,121(1),121(2), 132 BNS)",subtype,Minister,0,2025
IPC,47,46,"OFFENCES AGAINST PUBLIC SERVANTS (Public servant is a victim) (Sec 182-188, 332, 333, 353 IPC/217-223,121(1),121(2), 132 BNS)",subtype,MLA,0,2025
IPC,47,46,"OFFENCES AGAINST PUBLIC SERVANTS (Public servant is a victim) (Sec 182-188, 332, 333, 353 IPC/217-223,121(1),121(2), 132 BNS)",subtype,MP,0,2025
IPC,47,46,"OFFENCES AGAINST PUBLIC SERVANTS (Public servant is a victim) (Sec 182-188, 332, 333, 353 IPC/217-223,121(1),121(2), 132 BNS)",subtype,Nationalised Bank Personnel,3,2025
IPC,47,46,"OFFENCES AGAINST PUBLIC SERVANTS (Public servant is a victim) (Sec 182-188, 332, 333, 353 IPC/217-223,121(1),121(2), 132 BNS)",subtype,Other Elected Member,4,2025
IPC,47,46,"OFFENCES AGAINST PUBLIC SERVANTS (Public servant is a victim) (Sec 182-188, 332, 333, 353 IPC/217-223,121(1),121(2), 132 BNS)",subtype,Other Enforcement Official,1,2025
IPC,47,46,"OFFENCES AGAINST PUBLIC SERVANTS (Public servant is a victim) (Sec 182-188, 332, 333, 353 IPC/217-223,121(1),121(2), 132 BNS)",subtype,Other Govt. Official,462,2025
IPC,47,46,"OFFENCES AGAINST PUBLIC SERVANTS (Public servant is a victim) (Sec 182-188, 332, 333, 353 IPC/217-223,121(1),121(2), 132 BNS)",subtype,Para Military Personnel,2,2025
IPC,47,46,"OFFENCES AGAINST PUBLIC SERVANTS (Public servant is a victim) (Sec 182-188, 332, 333, 353 IPC/217-223,121(1),121(2), 132 BNS)",subtype,Police Personnel,498,2025
IPC,47,46,"OFFENCES AGAINST PUBLIC SERVANTS (Public servant is a victim) (Sec 182-188, 332, 333, 353 IPC/217-223,121(1),121(2), 132 BNS)",subtype,Public Sector Undertaking Official,136,2025
IPC,47,46,"OFFENCES AGAINST PUBLIC SERVANTS (Public servant is a victim) (Sec 182-188, 332, 333, 353 IPC/217-223,121(1),121(2), 132 BNS)",subtotal,TOTAL,1163,2025
IPC,48,47,"OFFENCES BY PUBLIC SERVANTS (EXCEPT CORRUPTION) (Public servant is accused) Sec.128, 129, 167, 218, 221, 222 IPC/156,157,201,256,259,260 BNS)",subtype,Defence Personnel,0,2025
IPC,48,47,"OFFENCES BY PUBLIC SERVANTS (EXCEPT CORRUPTION) (Public servant is accused) Sec.128, 129, 167, 218, 221, 222 IPC/156,157,201,256,259,260 BNS)",subtype,Jail Personnel,0,2025
IPC,48,47,"OFFENCES BY PUBLIC SERVANTS (EXCEPT CORRUPTION) (Public servant is accused) Sec.128, 129, 167, 218, 221, 222 IPC/156,157,201,256,259,260 BNS)",subtype,Judicial Official,0,2025
IPC,48,47,"OFFENCES BY PUBLIC SERVANTS (EXCEPT CORRUPTION) (Public servant is accused) Sec.128, 129, 167, 218, 221, 222 IPC/156,157,201,256,259,260 BNS)",subtype,Minister,0,2025
IPC,48,47,"OFFENCES BY PUBLIC SERVANTS (EXCEPT CORRUPTION) (Public servant is accused) Sec.128, 129, 167, 218, 221, 222 IPC/156,157,201,256,259,260 BNS)",subtype,MLA,0,2025
IPC,48,47,"OFFENCES BY PUBLIC SERVANTS (EXCEPT CORRUPTION) (Public servant is accused) Sec.128, 129, 167, 218, 221, 222 IPC/156,157,201,256,259,260 BNS)",subtype,MP,0,2025
IPC,48,47,"OFFENCES BY PUBLIC SERVANTS (EXCEPT CORRUPTION) (Public servant is accused) Sec.128, 129, 167, 218, 221, 222 IPC/156,157,201,256,259,260 BNS)",subtype,Nationalised Bank Personnel,0,2025
IPC,48,47,"OFFENCES BY PUBLIC SERVANTS (EXCEPT CORRUPTION) (Public servant is accused) Sec.128, 129, 167, 218, 221, 222 IPC/156,157,201,256,259,260 BNS)",subtype,Other Elected Member,0,2025
IPC,48,47,"OFFENCES BY PUBLIC SERVANTS (EXCEPT CORRUPTION) (Public servant is accused) Sec.128, 129, 167, 218, 221, 222 IPC/156,157,201,256,259,260 BNS)",subtype,Other Enforcement Official,0,2025
IPC,48,47,"OFFENCES BY PUBLIC SERVANTS (EXCEPT CORRUPTION) (Public servant is accused) Sec.128, 129, 167, 218, 221, 222 IPC/156,157,201,256,259,260 BNS)",subtype,Other Govt. Official,3,2025
IPC,48,47,"OFFENCES BY PUBLIC SERVANTS (EXCEPT CORRUPTION) (Public servant is accused) Sec.128, 129, 167, 218, 221, 222 IPC/156,157,201,256,259,260 BNS)",subtype,Para Military Personnel,0,2025
IPC,48,47,"OFFENCES BY PUBLIC SERVANTS (EXCEPT CORRUPTION) (Public servant is accused) Sec.128, 129, 167, 218, 221, 222 IPC/156,157,201,256,259,260 BNS)",subtype,Police Personnel,1,2025
IPC,48,47,"OFFENCES BY PUBLIC SERVANTS (EXCEPT CORRUPTION) (Public servant is accused) Sec.128, 129, 167, 218, 221, 222 IPC/156,157,201,256,259,260 BNS)",subtype,Public Sector Undertaking Official,3,2025
IPC,48,47,"OFFENCES BY PUBLIC SERVANTS (EXCEPT CORRUPTION) (Public servant is accused) Sec.128, 129, 167, 218, 221, 222 IPC/156,157,201,256,259,260 BNS)",subtype,Others,0,2025
IPC,48,47,"OFFENCES BY PUBLIC SERVANTS (EXCEPT CORRUPTION) (Public servant is accused) Sec.128, 129, 167, 218, 221, 222 IPC/156,157,201,256,259,260 BNS)",subtotal,TOTAL,7,2025
IPC,49,48,"NEGLIGENT ACT (Sec.280 to 289, 336 to 338 except 283 IPC/282 to 291,125 to 125(b) except 285 BNS)",subtype,Animal -Related,64,2025
IPC,49,48,"NEGLIGENT ACT (Sec.280 to 289, 336 to 338 except 283 IPC/282 to 291,125 to 125(b) except 285 BNS)",subtype,Boat/Vessel - Related,1,2025
IPC,49,48,"NEGLIGENT ACT (Sec.280 to 289, 336 to 338 except 283 IPC/282 to 291,125 to 125(b) except 285 BNS)",subtype,Explosive/Explosive Substances - Related,33,2025
IPC,49,48,"NEGLIGENT ACT (Sec.280 to 289, 336 to 338 except 283 IPC/282 to 291,125 to 125(b) except 285 BNS)",subtype,Inflammable Substance- Related,20,2025
IPC,49,48,"NEGLIGENT ACT (Sec.280 to 289, 336 to 338 except 283 IPC/282 to 291,125 to 125(b) except 285 BNS)",subtype,Machinery - Related,121,2025
IPC,49,48,"NEGLIGENT ACT (Sec.280 to 289, 336 to 338 except 283 IPC/282 to 291,125 to 125(b) except 285 BNS)",subtype,Poisonous Substance - Related,13,2025
IPC,49,48,"NEGLIGENT ACT (Sec.280 to 289, 336 to 338 except 283 IPC/282 to 291,125 to 125(b) except 285 BNS)",subtype,Other - Related,1581,2025
IPC,49,48,"NEGLIGENT ACT (Sec.280 to 289, 336 to 338 except 283 IPC/282 to 291,125 to 125(b) except 285 BNS)",subtype,Human - Related,1005,2025
IPC,49,48,"NEGLIGENT ACT (Sec.280 to 289, 336 to 338 except 283 IPC/282 to 291,125 to 125(b) except 285 BNS)",subtype,Wheeling,172,2025
IPC,49,48,"NEGLIGENT ACT (Sec.280 to 289, 336 to 338 except 283 IPC/282 to 291,125 to 125(b) except 285 BNS)",subtype,Drink & Drive Without DL,56,2025
IPC,49,48,"NEGLIGENT ACT (Sec.280 to 289, 336 to 338 except 283 IPC/282 to 291,125 to 125(b) except 285 BNS)",subtype,Death Causeed By Electric Shock,82,2025
IPC,49,48,"NEGLIGENT ACT (Sec.280 to 289, 336 to 338 except 283 IPC/282 to 291,125 to 125(b) except 285 BNS)",subtype,Defective Silencer,21,2025
IPC,49,48,"NEGLIGENT ACT (Sec.280 to 289, 336 to 338 except 283 IPC/282 to 291,125 to 125(b) except 285 BNS)",subtype,Footpath Riding,8,2025
IPC,49,48,"NEGLIGENT ACT (Sec.280 to 289, 336 to 338 except 283 IPC/282 to 291,125 to 125(b) except 285 BNS)",subtype,Racing & Trials of Speed,1,2025
IPC,49,48,"NEGLIGENT ACT (Sec.280 to 289, 336 to 338 except 283 IPC/282 to 291,125 to 125(b) except 285 BNS)",subtype,Rash & Negligence/Dangerous Driving,743,2025
IPC,49,48,"NEGLIGENT ACT (Sec.280 to 289, 336 to 338 except 283 IPC/282 to 291,125 to 125(b) except 285 BNS)",subtotal,TOTAL,3921,2025
IPC,50,49,RECEIVING OF STOLEN PROPERTY (Sec.411 to 414 IPC/317(2) TO 317(5) BNS),single,,2,2025
IPC,51,50,SEDITION (Sec. 124A IPC/IN BNS Deleted),subtype,Attempt to Commit,0,2025
IPC,51,50,SEDITION (Sec. 124A IPC/IN BNS Deleted),subtype,By Foreigner,0,2025
IPC,51,50,SEDITION (Sec. 124A IPC/IN BNS Deleted),subtype,By National,0,2025
IPC,51,50,SEDITION (Sec. 124A IPC/IN BNS Deleted),subtype,By National And Foreigner,0,2025
IPC,51,50,SEDITION (Sec. 124A IPC/IN BNS Deleted),subtotal,TOTAL,0,2025
IPC,52,51,INSULTING MODESTY OF WOMEN (EVE TEASING) (Sec.509 IPC/79 BNS),subtype,Attempt to Commit,16,2025
IPC,52,51,INSULTING MODESTY OF WOMEN (EVE TEASING) (Sec.509 IPC/79 BNS),subtype,Office,16,2025
IPC,52,51,INSULTING MODESTY OF WOMEN (EVE TEASING) (Sec.509 IPC/79 BNS),subtype,Public Conveyance,11,2025
IPC,52,51,INSULTING MODESTY OF WOMEN (EVE TEASING) (Sec.509 IPC/79 BNS),subtype,Public Place,139,2025
IPC,52,51,INSULTING MODESTY OF WOMEN (EVE TEASING) (Sec.509 IPC/79 BNS),subtype,Other Places,221,2025
IPC,52,51,INSULTING MODESTY OF WOMEN (EVE TEASING) (Sec.509 IPC/79 BNS),subtotal,TOTAL,403,2025
IPC,53,52,"SUICIDE (Sec.305, 306, 309 IPC/107,108 BNS)",subtype,Dowry,8,2025
IPC,53,52,"SUICIDE (Sec.305, 306, 309 IPC/107,108 BNS)",subtype,Abetment of Suicide,401,2025
IPC,53,52,"SUICIDE (Sec.305, 306, 309 IPC/107,108 BNS)",subtype,Other Reasons,264,2025
IPC,53,52,"SUICIDE (Sec.305, 306, 309 IPC/107,108 BNS)",subtype,Attempt to Commit suicide,76,2025
IPC,53,52,"SUICIDE (Sec.305, 306, 309 IPC/107,108 BNS)",subtotal,TOTAL,749,2025
IPC,54,53,UNNATURAL SEX (Sec.377 IPC/IN BNS Deleted),subtype,Abetment,0,2025
IPC,54,53,UNNATURAL SEX (Sec.377 IPC/IN BNS Deleted),subtype,Animal,0,2025
IPC,54,53,UNNATURAL SEX (Sec.377 IPC/IN BNS Deleted),subtype,Attempt,0,2025
IPC,54,53,UNNATURAL SEX (Sec.377 IPC/IN BNS Deleted),subtype,Major - Man,0,2025
IPC,54,53,UNNATURAL SEX (Sec.377 IPC/IN BNS Deleted),subtype,Major - Woman,0,2025
IPC,54,53,UNNATURAL SEX (Sec.377 IPC/IN BNS Deleted),subtype,Minor - Boy,0,2025
IPC,54,53,UNNATURAL SEX (Sec.377 IPC/IN BNS Deleted),subtype,Minor - Girl,0,2025
IPC,54,53,UNNATURAL SEX (Sec.377 IPC/IN BNS Deleted),subtotal,TOTAL,0,2025
IPC,55,54,"WRONGFUL RESTRAINT/CONFINEMENT (Sec.341 to 348 IPC/126(2),127(2)-127(8) BNS)",subtype,Attempt to Commit,33,2025
IPC,55,54,"WRONGFUL RESTRAINT/CONFINEMENT (Sec.341 to 348 IPC/126(2),127(2)-127(8) BNS)",subtype,To Extort Confession,11,2025
IPC,55,54,"WRONGFUL RESTRAINT/CONFINEMENT (Sec.341 to 348 IPC/126(2),127(2)-127(8) BNS)",subtype,To Extort Property,27,2025
IPC,55,54,"WRONGFUL RESTRAINT/CONFINEMENT (Sec.341 to 348 IPC/126(2),127(2)-127(8) BNS)",subtype,To settle Dispute,19,2025
IPC,55,54,"WRONGFUL RESTRAINT/CONFINEMENT (Sec.341 to 348 IPC/126(2),127(2)-127(8) BNS)",subtype,Others,415,2025
IPC,55,54,"WRONGFUL RESTRAINT/CONFINEMENT (Sec.341 to 348 IPC/126(2),127(2)-127(8) BNS)",subtotal,TOTAL,505,2025
IPC,56,55,"INFANTICIDE (Sec.315, 316 IPC/91,92 BNS)",subtype,Male,2,2025
IPC,56,55,"INFANTICIDE (Sec.315, 316 IPC/91,92 BNS)",subtype,Female,3,2025
IPC,56,55,"INFANTICIDE (Sec.315, 316 IPC/91,92 BNS)",subtotal,TOTAL,5,2025
IPC,57,56,"OFFENCES RELATED TO MARRIAGE (Sec.493 to 498 IPC/81,84 BNS)",single,,37,2025
IPC,58,57,"BUYING & SELLING MINOR FOR PROSTITUTION (Sec.372, 373 IPC/98,99 BNS)",single,,0,2025
IPC,59,58,DOCUMENTS & PROPERTY MARKS (Sec.483 to 489 IPC/346-350(2) BNS),subtype,Documents,1,2025
IPC,59,58,DOCUMENTS & PROPERTY MARKS (Sec.483 to 489 IPC/346-350(2) BNS),subtype,Property,2,2025
IPC,59,58,DOCUMENTS & PROPERTY MARKS (Sec.483 to 489 IPC/346-350(2) BNS),subtotal,TOTAL,3,2025
IPC,60,59,DEFAMATION (Sec.500 to 502 IPC/350(2)- 356(4) BNS),subtype,Persons,1,2025
IPC,60,59,DEFAMATION (Sec.500 to 502 IPC/350(2)- 356(4) BNS),subtype,Printed Matter,1,2025
IPC,60,59,DEFAMATION (Sec.500 to 502 IPC/350(2)- 356(4) BNS),subtype,Others,2,2025
IPC,60,59,DEFAMATION (Sec.500 to 502 IPC/350(2)- 356(4) BNS),subtotal,TOTAL,4,2025
IPC,61,60,ELECTION(Sec.171(E) to 171(1) IPC/173-177 BNS),subtype,Assembly,0,2025
IPC,61,60,ELECTION(Sec.171(E) to 171(1) IPC/173-177 BNS),subtype,Parliament,1,2025
IPC,61,60,ELECTION(Sec.171(E) to 171(1) IPC/173-177 BNS),subtype,Other Elected Bodies,4,2025
IPC,61,60,ELECTION(Sec.171(E) to 171(1) IPC/173-177 BNS),subtotal,TOTAL,5,2025
IPC,62,61,"SLAVERY (Sec.370, 371, 374 IPC/143,145,146 BNS)",subtype,Man,0,2025
IPC,62,61,"SLAVERY (Sec.370, 371, 374 IPC/143,145,146 BNS)",subtype,Woman,0,2025
IPC,62,61,"SLAVERY (Sec.370, 371, 374 IPC/143,145,146 BNS)",subtype,Boy,6,2025
IPC,62,61,"SLAVERY (Sec.370, 371, 374 IPC/143,145,146 BNS)",subtype,Girl,0,2025
IPC,62,61,"SLAVERY (Sec.370, 371, 374 IPC/143,145,146 BNS)",subtotal,TOTAL,6,2025
IPC,63,62,Attempting to commit offences (Sec.511 IPC/62 BNS),subtype,Attempting to commit offences,223,2025
IPC,63,62,Attempting to commit offences (Sec.511 IPC/62 BNS),subtotal,TOTAL,223,2025
IPC,64,63,ILLEGAL DETENTION (Sec.342 IPC/127(2) BNS),single,,0,2025
IPC,65,64,FALSE EVIDENCE (Sec.191 to 205 IPC/227-242 BNS),single,,13,2025
IPC,66,65,EXPOSURE AND ABANDONMENT OF CHILD (Sec.317 IPC/93 BNS),subtype,Boy,26,2025
IPC,66,65,EXPOSURE AND ABANDONMENT OF CHILD (Sec.317 IPC/93 BNS),subtype,Girl,39,2025
IPC,66,65,EXPOSURE AND ABANDONMENT OF CHILD (Sec.317 IPC/93 BNS),subtotal,TOTAL,65,2025
IPC,67,66,OF ABETMENT (Sec.107 to 120 IPC/45-60 BNS),single,,19,2025
IPC,68,67,"FAILURE TO APPEAR TO COURT (Sec.174A, 229A IPC/209,269 BNS)",subtype,IPC 174 A/BNS 209,354,2025
IPC,68,67,"FAILURE TO APPEAR TO COURT (Sec.174A, 229A IPC/209,269 BNS)",subtype,IPC 229 A/BNS 269,1016,2025
IPC,68,67,"FAILURE TO APPEAR TO COURT (Sec.174A, 229A IPC/209,269 BNS)",subtotal,TOTAL,1370,2025
IPC,69,68,Concealment of birth by secret disposal of Child,subtype,Girl,24,2025
IPC,69,68,Concealment of birth by secret disposal of Child,subtype,Boy,23,2025
IPC,69,68,Concealment of birth by secret disposal of Child,subtotal,TOTAL,47,2025
IPC,70,69,ASSAULT OR USE OF CRIMINAL FORCE TO DISROBE WOMEN,single,,7,2025
IPC,71,70,Disobedience to Order Promulgated by Public/Servant,subtype,By Govt. Institution,21,2025
IPC,71,70,Disobedience to Order Promulgated by Public/Servant,subtype,By Others,17,2025
IPC,71,70,Disobedience to Order Promulgated by Public/Servant,subtype,By Private Institution,0,2025
IPC,71,70,Disobedience to Order Promulgated by Public/Servant,subtotal,TOTAL,38,2025
IPC,72,71,Human Trafficking,subtype,Women,5,2025
IPC,72,71,Human Trafficking,subtype,Girl,4,2025
IPC,72,71,Human Trafficking,subtype,Eunuch,0,2025
IPC,72,71,Human Trafficking,subtype,Men,6,2025
IPC,72,71,Human Trafficking,subtype,Boy,0,2025
IPC,72,71,Human Trafficking,subtotal,TOTAL,15,2025
IPC,73,72,Giving false information respecting an offence committed,subtype,Giving false information respecting an offence committed,30,2025
IPC,73,72,Giving false information respecting an offence committed,subtotal,TOTAL,30,2025
IPC,74,73,Harbouring offender,single,,3,2025
IPC,75,74,Pettry Organised Crimes,subtype,Cargo Theft,0,2025
IPC,75,74,Pettry Organised Crimes,subtype,Pick Pocketing,1,2025
IPC,75,74,Pettry Organised Crimes,subtype,Shop Lifting,0,2025
IPC,75,74,Pettry Organised Crimes,subtype,Theft Of ATM Machines,0,2025
IPC,75,74,Pettry Organised Crimes,subtype,Theft From Vehicles,0,2025
IPC,75,74,Pettry Organised Crimes,subtype,Unauthorised Betting/Gambling,145,2025
IPC,75,74,Pettry Organised Crimes,subtype,Others,12,2025
IPC,75,74,Pettry Organised Crimes,subtotal,TOTAL,158,2025
IPC,76,75,Public Servant in Judicial proceeding,subtype,Defence Personnel,0,2025
IPC,76,75,Public Servant in Judicial proceeding,subtype,Others,0,2025
IPC,76,75,Public Servant in Judicial proceeding,subtype,Jail Personnel,0,2025
IPC,76,75,Public Servant in Judicial proceeding,subtype,Para Military Personnel,0,2025
IPC,76,75,Public Servant in Judicial proceeding,subtype,Police Personnel,0,2025
IPC,76,75,Public Servant in Judicial proceeding,subtype,Public Sector Undertaking Official,0,2025
IPC,76,75,Public Servant in Judicial proceeding,subtype,Judicial Official,0,2025
IPC,76,75,Public Servant in Judicial proceeding,subtype,Minister,0,2025
IPC,76,75,Public Servant in Judicial proceeding,subtype,MLA,0,2025
IPC,76,75,Public Servant in Judicial proceeding,subtype,MP,0,2025
IPC,76,75,Public Servant in Judicial proceeding,subtype,Nationalised Bank Personnel,0,2025
IPC,76,75,Public Servant in Judicial proceeding,subtype,Other Elected Member,0,2025
IPC,76,75,Public Servant in Judicial proceeding,subtype,Other Enforcement Official,0,2025
IPC,76,75,Public Servant in Judicial proceeding,subtype,Other Govt Official,1,2025
IPC,76,75,Public Servant in Judicial proceeding,subtotal,TOTAL,1,2025
IPC,77,76,"The Indian Stamp Act, 1899",single,,0,2025
IPC,77,76,"The Indian Stamp Act, 1899",derived_total,Total Cognizable Crime Under IPC,138766,2025
SLL,1,1,ANTIQUES (CULTURAL PROPERTY),subtype,Antiques & Art Treasures Act 1972,0,2025
SLL,1,1,ANTIQUES (CULTURAL PROPERTY),subtype,Ancient Monument & Archaelogical Sites And Remains Act 1958,5,2025
SLL,1,1,ANTIQUES (CULTURAL PROPERTY),subtotal,TOTAL,5,2025
SLL,2,2,ARMS ACT 1959,subtype,Country Made - Non Prohibited Bore - In Disturbed Area,21,2025
SLL,2,2,ARMS ACT 1959,subtype,Country Made - Non Prohibited Bore - In Other Area,151,2025
SLL,2,2,ARMS ACT 1959,subtype,Country Made - Prohibited Bore - In Disturbed Area,19,2025
SLL,2,2,ARMS ACT 1959,subtype,Country Made - Prohibited Bore - In Other Area,119,2025
SLL,2,2,ARMS ACT 1959,subtype,Factory Made - Non Prohibited Bore - In Disturbed Area,7,2025
SLL,2,2,ARMS ACT 1959,subtype,Factory Made - Non Prohibited Bore - In Other Area,34,2025
SLL,2,2,ARMS ACT 1959,subtype,Factory Made - Prohibited Bore - In Disturbed Area,12,2025
SLL,2,2,ARMS ACT 1959,subtype,Factory Made - Prohibited Bore - In Other Area,46,2025
SLL,2,2,ARMS ACT 1959,subtotal,TOTAL,409,2025
SLL,3,3,ANIMAL,subtype,The Karnataka Prevention of Slaughter and Preservation of Cattle Ordinance 2020,154,2025
SLL,3,3,ANIMAL,subtype,Wild Life Preservation Act 1972,0,2025
SLL,3,3,ANIMAL,subtype,Wild Life Protection Act 1972,3,2025
SLL,3,3,ANIMAL,subtype,Prevention of Cruelty to Animals Act 1960,260,2025
SLL,3,3,ANIMAL,subtype,Elephant (Preservation) Act 1879,0,2025
SLL,3,3,ANIMAL,subtype,Cattle Tresspass Act 1871,3,2025
SLL,3,3,ANIMAL,subtotal,TOTAL,420,2025
SLL,4,4,CINEMATOGRAPHY ACT 1952,subtype,Films,0,2025
SLL,4,4,CINEMATOGRAPHY ACT 1952,subtype,Video,0,2025
SLL,4,4,CINEMATOGRAPHY ACT 1952,subtotal,TOTAL,0,2025
SLL,5,5,CONSUMER,subtype,Liquified Petroleum Gas Supply & Control Order 2000,86,2025
SLL,5,5,CONSUMER,subtype,Consumer (Protection) Act 1986,7,2025
SLL,5,5,CONSUMER,subtype,Essential Commodities Act 1955,774,2025
SLL,5,5,CONSUMER,subtype,Prevention of Food Adulternation Act 1954,2,2025
SLL,5,5,CONSUMER,subtype,Packaged Commodities (Regulation) order 1975,0,2025
SLL,5,5,CONSUMER,subtotal,TOTAL,869,2025
SLL,6,6,COPY RIGHT ACT 1957,subtype,By Company,141,2025
SLL,6,6,COPY RIGHT ACT 1957,subtype,By Individual,74,2025
SLL,6,6,COPY RIGHT ACT 1957,subtotal,TOTAL,215,2025
SLL,7,7,CIVIL RIGHTS,subtype,Protection of Civil Rights Act 1955,6,2025
SLL,7,7,CIVIL RIGHTS,subtotal,TOTAL,6,2025
SLL,8,8,SCHEDULED CASTE AND THE SCHEDULED TRIBES,subtype,Scheduled Caste,1355,2025
SLL,8,8,SCHEDULED CASTE AND THE SCHEDULED TRIBES,subtype,Scheduled Tribes,318,2025
SLL,8,8,SCHEDULED CASTE AND THE SCHEDULED TRIBES,subtype,Scheduled Caste Women,590,2025
SLL,8,8,SCHEDULED CASTE AND THE SCHEDULED TRIBES,subtype,Scheduled Tribes Women,148,2025
SLL,8,8,SCHEDULED CASTE AND THE SCHEDULED TRIBES,subtotal,TOTAL,2411,2025
SLL,9,9,CHILDREN ACT,subtype,Child Labour (Prohibition & Regulation) Act1986,78,2025
SLL,9,9,CHILDREN ACT,subtype,Child Marriage (Restraint) Act - 1929,197,2025
SLL,9,9,CHILDREN ACT,subtype,Juvenile Justice Act 1986,151,2025
SLL,9,9,CHILDREN ACT,subtype,Probation of offenders Act 1958,0,2025
SLL,9,9,CHILDREN ACT,subtype,Protection of Children from Sexual Offences Act 2012 (POCSO),0,2025
SLL,9,9,CHILDREN ACT,subtotal,TOTAL,426,2025
SLL,10,10,PREVENTION OF CORRUPTION ACT 1988,subtype,Public Servant - Elected,0,2025
SLL,10,10,PREVENTION OF CORRUPTION ACT 1988,subtype,Public Servant - Gazetted - Central,1,2025
SLL,10,10,PREVENTION OF CORRUPTION ACT 1988,subtype,Public Servant - Gazetted - Defence,0,2025
SLL,10,10,PREVENTION OF CORRUPTION ACT 1988,subtype,Public Servant - Gazetted - Public Sector Undertaking,0,2025
SLL,10,10,PREVENTION OF CORRUPTION ACT 1988,subtype,Public Servant - Gazetted - State,1,2025
SLL,10,10,PREVENTION OF CORRUPTION ACT 1988,subtype,Public Servant - Non-Gazetted - Central,0,2025
SLL,10,10,PREVENTION OF CORRUPTION ACT 1988,subtype,Public Servant - Non-Gazetted - Defence,0,2025
SLL,10,10,PREVENTION OF CORRUPTION ACT 1988,subtype,Public Servant - Non-Gazetted - State,0,2025
SLL,10,10,PREVENTION OF CORRUPTION ACT 1988,subtotal,TOTAL,2,2025
SLL,11,11,CUSTOMS,subtype,Customs Act 1962,0,2025
SLL,11,11,CUSTOMS,subtype,Import/Export (Control) Act 1947,0,2025
SLL,11,11,CUSTOMS,subtotal,TOTAL,0,2025
SLL,12,12,Explosives,subtype,Explosives Substances Act 1908,42,2025
SLL,12,12,Explosives,subtype,Explosives Act 1884,99,2025
SLL,12,12,Explosives,subtype,Inflammable Substance Act 1952,0,2025
SLL,12,12,Explosives,subtotal,TOTAL,141,2025
SLL,13,13,FOREIGN EXCHANGE,subtype,Smugglers and Foreign Exchange Manipulator Act 1976,0,2025
SLL,13,13,FOREIGN EXCHANGE,subtype,Foreign Exchange Regulation Act 1973,0,2025
SLL,13,13,FOREIGN EXCHANGE,subtype,Foreign Exchange Regulation Act 1952,0,2025
SLL,13,13,FOREIGN EXCHANGE,subtotal,TOTAL,0,2025
SLL,14,14,FOREIGNER,subtype,Foreigners Act 1946,116,2025
SLL,14,14,FOREIGNER,subtype,Registration of Foreigners Act 1939,0,2025
SLL,14,14,FOREIGNER,subtotal,TOTAL,116,2025
SLL,15,15,FOREST,subtype,Indian Forest Act 1927,1,2025
SLL,15,15,FOREST,subtype,Forest (Conservation) Act 1980,11,2025
SLL,15,15,FOREST,subtotal,TOTAL,12,2025
SLL,16,16,HIJACKING,subtype,Foreign Aircraft - In India,0,2025
SLL,16,16,HIJACKING,subtype,Foreign Aircraft - Outside India,0,2025
SLL,16,16,HIJACKING,subtype,Indian Aircraft - In India,0,2025
SLL,16,16,HIJACKING,subtype,Indian Aircraft - Outside India,0,2025
SLL,16,16,HIJACKING,subtotal,TOTAL,0,2025
SLL,17,17,IMMORAL TRAFFIC,subtype,Organised,206,2025
SLL,17,17,IMMORAL TRAFFIC,subtype,Un-Organised,110,2025
SLL,17,17,IMMORAL TRAFFIC,subtotal,TOTAL,316,2025
SLL,18,18,BONDED LABOUR SYSTEM,single,,14,2025
SLL,19,19,INDIAN MOTOR VEHICLE,single,,65,2025
SLL,20,20,NARCOTIC DRUGS & PSYCHOTROPIC SUBSTANCES ACT,subtype,Cultivated/Processed,3151,2025
SLL,20,20,NARCOTIC DRUGS & PSYCHOTROPIC SUBSTANCES ACT,subtype,Synthetic,3674,2025
SLL,20,20,NARCOTIC DRUGS & PSYCHOTROPIC SUBSTANCES ACT,subtotal,TOTAL,6825,2025
SLL,21,21,PASSPORT ACT,subtype,Foreigner,2,2025
SLL,21,21,PASSPORT ACT,subtype,Indian,4,2025
SLL,21,21,PASSPORT ACT,subtotal,TOTAL,6,2025
SLL,22,22,REPRESENTATIVE OF PEOPLE ACT 1951 & 1988,subtype,Assembly,0,2025
SLL,22,22,REPRESENTATIVE OF PEOPLE ACT 1951 & 1988,subtype,Parliament,1,2025
SLL,22,22,REPRESENTATIVE OF PEOPLE ACT 1951 & 1988,subtype,Other Elected Bodies,1,2025
SLL,22,22,REPRESENTATIVE OF PEOPLE ACT 1951 & 1988,subtotal,TOTAL,2,2025
SLL,23,23,KARNATAKA POLICE ACT 1963,subtype,Gambling - Matka (78 Class C),6506,2025
SLL,23,23,KARNATAKA POLICE ACT 1963,subtype,Street Gambling (87),7365,2025
SLL,23,23,KARNATAKA POLICE ACT 1963,subtype,House Gambling (79 & 80),262,2025
SLL,23,23,KARNATAKA POLICE ACT 1963,subtype,Betting,601,2025
SLL,23,23,KARNATAKA POLICE ACT 1963,subtype,Others,523,2025
SLL,23,23,KARNATAKA POLICE ACT 1963,subtotal,TOTAL,15257,2025
SLL,24,24,PREVENTION OF DAMAGE TO PUBLIC PROPERTY ACT 1984,single,,130,2025
SLL,25,25,"POST & TELEGRAPH, TELEGRAPH WIRES (UNLAWFUL POSSESSION) ACT 1980",single,,1,2025
SLL,26,26,OFFICIAL SECURITY RELATED ACTS,subtype,Official Secrets Act 1923,2,2025
SLL,26,26,OFFICIAL SECURITY RELATED ACTS,subtype,Essential Services Maintenance Act 1981,0,2025
SLL,26,26,OFFICIAL SECURITY RELATED ACTS,subtotal,TOTAL,2,2025
SLL,27,27,PREVENTION OF TERRORISM ACT (POTA),single,,0,2025
SLL,28,28,RAILWAYS ACT,subtype,Indian Railways Act 1989,6,2025
SLL,28,28,RAILWAYS ACT,subtype,Railway Property (Unlawful Possession) Act 1966,0,2025
SLL,28,28,RAILWAYS ACT,subtotal,TOTAL,6,2025
SLL,29,29,UNLAWFUL ACTIVITIES (Prevention) Act 1967,single,,1,2025
SLL,30,30,CRIMES RELATED TO WOMEN,subtype,Dowry Prohibition,2028,2025
SLL,30,30,CRIMES RELATED TO WOMEN,subtype,Commission of SATI (Prevention) Act 1987,0,2025
SLL,30,30,CRIMES RELATED TO WOMEN,subtype,Indecent Representation of Women (Prohibition) Act 1986,1,2025
SLL,30,30,CRIMES RELATED TO WOMEN,subtotal,TOTAL,2029,2025
SLL,31,31,INDIAN LUNACY ACT,single,,0,2025
SLL,32,32,INDIAN ELECTRICITY ACT,single,,12,2025
SLL,33,33,"COTPA, CIGARETTES AND OTHER TOBACCO PRODUCTS",single,,3178,2025
SLL,34,34,KARNATAKA STATE LOCAL ACTS,subtype,Prevention of Insult to National Hounours Act 1971,11,2025
SLL,34,34,KARNATAKA STATE LOCAL ACTS,subtype,"Prevention of violence against Doctors, Medical professionals and Medical institutions",13,2025
SLL,34,34,KARNATAKA STATE LOCAL ACTS,subtype,"The Karnataka Prevention of Dangerous Activities of Bootleggers, Drug-offenders, Gamblers, Goonda Act",1,2025
SLL,34,34,KARNATAKA STATE LOCAL ACTS,subtype,Karnataka Cow Slaughters Act,213,2025
SLL,34,34,KARNATAKA STATE LOCAL ACTS,subtype,Banning of Unregulated Deposit Schemes Act,23,2025
SLL,34,34,KARNATAKA STATE LOCAL ACTS,subtype,"Motor Spirit and High Speed Diesel (Regulation of upply, Distribution and Prevention of Malpractice",0,2025
SLL,34,34,KARNATAKA STATE LOCAL ACTS,subtype,Karnataka Epidemic Deseases Act 2020,0,2025
SLL,34,34,KARNATAKA STATE LOCAL ACTS,subtype,Karnataka Prevention of Slaughter and Preservation of Cattle Act 2020,253,2025
SLL,34,34,KARNATAKA STATE LOCAL ACTS,subtype,Disaster Management Act 2005,0,2025
SLL,34,34,KARNATAKA STATE LOCAL ACTS,subtype,Karnataka Excise Act 1965,10089,2025
SLL,34,34,KARNATAKA STATE LOCAL ACTS,subtype,Karnataka Forest Act 1963,74,2025
SLL,34,34,KARNATAKA STATE LOCAL ACTS,subtype,Karnataka Education Act 1983 As Amended Upto Date,2,2025
SLL,34,34,KARNATAKA STATE LOCAL ACTS,subtype,Karnataka Kerosene Restriction Unuse Act 1956,0,2025
SLL,34,34,KARNATAKA STATE LOCAL ACTS,subtype,Karnataka University Act,0,2025
SLL,34,34,KARNATAKA STATE LOCAL ACTS,subtype,Karnataka Corruption Act,0,2025
SLL,34,34,KARNATAKA STATE LOCAL ACTS,subtype,Karnataka Medical Registration Act 1965,4,2025
SLL,34,34,KARNATAKA STATE LOCAL ACTS,subtype,Karnataka Land & Revenue Act 1964 & 2007,38,2025
SLL,34,34,KARNATAKA STATE LOCAL ACTS,subtype,Karnataka Kerosene Dealers License Order 1969,0,2025
SLL,34,34,KARNATAKA STATE LOCAL ACTS,subtype,Karnataka Society Registration Act,0,2025
SLL,34,34,KARNATAKA STATE LOCAL ACTS,subtype,Karnataka Minor Mineral Consistent Rule 1994,22,2025
SLL,34,34,KARNATAKA STATE LOCAL ACTS,subtype,Bangalore Development Authority Act,0,2025
SLL,34,34,KARNATAKA STATE LOCAL ACTS,subtype,Karnataka Prohibition of Beggery Act 1975,63,2025
SLL,34,34,KARNATAKA STATE LOCAL ACTS,subtype,Karnataka Municipalities Act 1964,1,2025
SLL,34,34,KARNATAKA STATE LOCAL ACTS,subtype,Karnataka Irrigation Act 1963,4,2025
SLL,34,34,KARNATAKA STATE LOCAL ACTS,subtype,Karnataka Fire Force act 1964,5,2025
SLL,34,34,KARNATAKA STATE LOCAL ACTS,subtype,Karnataka Consumer Protection Act 1986,0,2025
SLL,34,34,KARNATAKA STATE LOCAL ACTS,subtype,Karnataka Lottery Act,71,2025
SLL,34,34,KARNATAKA STATE LOCAL ACTS,subtype,Karnataka Weight & Measurement Act,0,2025
SLL,34,34,KARNATAKA STATE LOCAL ACTS,subtype,Karnataka Agriculture Marketing Regulation Act,0,2025
SLL,34,34,KARNATAKA STATE LOCAL ACTS,subtype,Karnataka Revenue Act,1,2025
SLL,34,34,KARNATAKA STATE LOCAL ACTS,subtype,Karnataka Mining Act,2,2025
SLL,34,34,KARNATAKA STATE LOCAL ACTS,subtype,Karnataka Betting Tax Act,0,2025
SLL,34,34,KARNATAKA STATE LOCAL ACTS,subtype,Karnataka Panchayat Raj Act,1,2025
SLL,34,34,KARNATAKA STATE LOCAL ACTS,subtype,Karnataka Open Place Disfigurement Act 1951,719,2025
SLL,34,34,KARNATAKA STATE LOCAL ACTS,subtype,Karnataka Right To Information Act 2000 & 2008,1,2025
SLL,34,34,KARNATAKA STATE LOCAL ACTS,subtype,Karnataka Urban Development Act 1987,0,2025
SLL,34,34,KARNATAKA STATE LOCAL ACTS,subtype,Karnataka Town & City Planning Act 1961,0,2025
SLL,34,34,KARNATAKA STATE LOCAL ACTS,subtype,Karnataka Race Betting Act,0,2025
SLL,34,34,KARNATAKA STATE LOCAL ACTS,subtype,Karnataka Devadasi's (Prohibition Of Dedication) Act 1982,0,2025
SLL,34,34,KARNATAKA STATE LOCAL ACTS,subtype,Cooperative Society Act,1,2025
SLL,34,34,KARNATAKA STATE LOCAL ACTS,subtype,Karnataka Entertainment Tax Act 1958,7,2025
SLL,34,34,KARNATAKA STATE LOCAL ACTS,subtype,Karnataka Land Acquisition (Prohibition) Act 2007,0,2025
SLL,34,34,KARNATAKA STATE LOCAL ACTS,subtype,Karnataka Money Lender Act 1961,18,2025
SLL,34,34,KARNATAKA STATE LOCAL ACTS,subtype,Karnataka Stamp Act 1957,0,2025
SLL,34,34,KARNATAKA STATE LOCAL ACTS,subtype,Karnataka Prisoners Act 1963 & 1974,93,2025
SLL,34,34,KARNATAKA STATE LOCAL ACTS,subtype,Karnataka Private Medical Institution Act 2007,9,2025
SLL,34,34,KARNATAKA STATE LOCAL ACTS,subtype,MMRD (Mines & Minerals Regulation Development ) Act 1957,86,2025
SLL,34,34,KARNATAKA STATE LOCAL ACTS,subtype,Karnataka Treasure Trove Act 1962,6,2025
SLL,34,34,KARNATAKA STATE LOCAL ACTS,subtype,Karnataka Prohibition of Charging Exorbitant Interest Act 2004,20,2025
SLL,34,34,KARNATAKA STATE LOCAL ACTS,subtype,Karnataka Ayurvedic And Unani Pract. Regis. & Medical Prac. Misc. Prov. Act,0,2025
SLL,34,34,KARNATAKA STATE LOCAL ACTS,subtype,Other Local Acts,172,2025
SLL,34,34,KARNATAKA STATE LOCAL ACTS,subtype,The Karnataka Micro Loan And Small Loan (Prevention of Coercive Actions) Ordinance 2025,21,2025
SLL,34,34,KARNATAKA STATE LOCAL ACTS,subtotal,TOTAL,12044,2025
SLL,35,35,CYBER CRIME (INFORMATION TECHNOLOGY ACT),subtype,"Information Technology Act 2000, 2009",130,2025
SLL,35,35,CYBER CRIME (INFORMATION TECHNOLOGY ACT),subtype,CSAM (Child Pornography). Cyber Tip Line,37,2025
SLL,35,35,CYBER CRIME (INFORMATION TECHNOLOGY ACT),subtype,Online Money Transfer,1564,2025
SLL,35,35,CYBER CRIME (INFORMATION TECHNOLOGY ACT),subtype,Credit Card Fraud,780,2025
SLL,35,35,CYBER CRIME (INFORMATION TECHNOLOGY ACT),subtype,Loan App,210,2025
SLL,35,35,CYBER CRIME (INFORMATION TECHNOLOGY ACT),subtype,"Ransomeware Attack, Installing Spyware & Troman, Using Other Malware & Viruses to infect degital serv",10,2025
SLL,35,35,CYBER CRIME (INFORMATION TECHNOLOGY ACT),subtype,"Gifts, iPhone & Lottery Fraud",130,2025
SLL,35,35,CYBER CRIME (INFORMATION TECHNOLOGY ACT),subtype,Deep Fake/Deep Nudes,41,2025
SLL,35,35,CYBER CRIME (INFORMATION TECHNOLOGY ACT),subtype,"Investment Fraud (Part Time Job, Task, Review)",2666,2025
SLL,35,35,CYBER CRIME (INFORMATION TECHNOLOGY ACT),subtype,Card Skimming,6,2025
SLL,35,35,CYBER CRIME (INFORMATION TECHNOLOGY ACT),subtype,Job Fraud,643,2025
SLL,35,35,CYBER CRIME (INFORMATION TECHNOLOGY ACT),subtype,Business Fraud,165,2025
SLL,35,35,CYBER CRIME (INFORMATION TECHNOLOGY ACT),subtype,Hacking of Accounts & Ids,228,2025
SLL,35,35,CYBER CRIME (INFORMATION TECHNOLOGY ACT),subtype,Phishing (Taking Password & Information),50,2025
SLL,35,35,CYBER CRIME (INFORMATION TECHNOLOGY ACT),subtype,Email Spoofing / Fraud,49,2025
SLL,35,35,CYBER CRIME (INFORMATION TECHNOLOGY ACT),subtype,SIM card Swapping / SIM Jacking / SIM Cloning,22,2025
SLL,35,35,CYBER CRIME (INFORMATION TECHNOLOGY ACT),subtype,Social Media Cases (Instagram/Facebook/Whatsapp/X /Telegram etc),566,2025
SLL,35,35,CYBER CRIME (INFORMATION TECHNOLOGY ACT),subtype,"Crypto Currency, Bitcoin, etc.",73,2025
SLL,35,35,CYBER CRIME (INFORMATION TECHNOLOGY ACT),subtype,Remote Access Fraud (Any Desk/ Team Viewer),10,2025
SLL,35,35,CYBER CRIME (INFORMATION TECHNOLOGY ACT),subtype,OLX Fraud,187,2025
SLL,35,35,CYBER CRIME (INFORMATION TECHNOLOGY ACT),subtype,Data Theft,67,2025
SLL,35,35,CYBER CRIME (INFORMATION TECHNOLOGY ACT),subtype,Fedex,30,2025
SLL,35,35,CYBER CRIME (INFORMATION TECHNOLOGY ACT),subtype,"OTP Frauds (KYC Update, Apk Link)",944,2025
SLL,35,35,CYBER CRIME (INFORMATION TECHNOLOGY ACT),subtype,Matrimony Fraud,115,2025
SLL,35,35,CYBER CRIME (INFORMATION TECHNOLOGY ACT),subtype,Sextortion and Revenge Porn,104,2025
SLL,35,35,CYBER CRIME (INFORMATION TECHNOLOGY ACT),subtype,Advertising Frauds,68,2025
SLL,35,35,CYBER CRIME (INFORMATION TECHNOLOGY ACT),subtype,Investment Fraud (Trading & Share Trading),3489,2025
SLL,35,35,CYBER CRIME (INFORMATION TECHNOLOGY ACT),subtype,Fake Customer Care,325,2025
SLL,35,35,CYBER CRIME (INFORMATION TECHNOLOGY ACT),subtype,ATM Fraud,19,2025
SLL,35,35,CYBER CRIME (INFORMATION TECHNOLOGY ACT),subtype,Digital Arrest,346,2025
SLL,35,35,CYBER CRIME (INFORMATION TECHNOLOGY ACT),subtype,AEPS (Aadhaar),3,2025
SLL,35,35,CYBER CRIME (INFORMATION TECHNOLOGY ACT),subtype,Others,1808,2025
SLL,35,35,CYBER CRIME (INFORMATION TECHNOLOGY ACT),subtotal,TOTAL,14885,2025
SLL,36,36,NATIONAL SECURITY ACT,single,,0,2025
SLL,37,37,POCSO,subtype,Gang Rape,16,2025
SLL,37,37,POCSO,subtype,Custodial Rape,1,2025
SLL,37,37,POCSO,subtype,Rape with Murder,2,2025
SLL,37,37,POCSO,subtype,Rape,3288,2025
SLL,37,37,POCSO,subtype,Others,1248,2025
SLL,37,37,POCSO,subtotal,TOTAL,4555,2025
SLL,38,38,Aadhar Act,subtype,Impersonation,0,2025
SLL,38,38,Aadhar Act,subtype,Offence by Individual,1,2025
SLL,38,38,Aadhar Act,subtype,Offence by Company,0,2025
SLL,38,38,Aadhar Act,subtotal,TOTAL,1,2025
SLL,38,38,Aadhar Act,derived_total,Total (Item 1 to 36),64361,2025
